-- --------------------------------------------------------
-- Host:                         127.0.0.1
-- Server version:               10.4.25-MariaDB - mariadb.org binary distribution
-- Server OS:                    Win64
-- HeidiSQL Version:             12.1.0.6537
-- --------------------------------------------------------

/*!40101 SET @OLD_CHARACTER_SET_CLIENT=@@CHARACTER_SET_CLIENT */;
/*!40101 SET NAMES utf8 */;
/*!50503 SET NAMES utf8mb4 */;
/*!40103 SET @OLD_TIME_ZONE=@@TIME_ZONE */;
/*!40103 SET TIME_ZONE='+00:00' */;
/*!40014 SET @OLD_FOREIGN_KEY_CHECKS=@@FOREIGN_KEY_CHECKS, FOREIGN_KEY_CHECKS=0 */;
/*!40101 SET @OLD_SQL_MODE=@@SQL_MODE, SQL_MODE='NO_AUTO_VALUE_ON_ZERO' */;
/*!40111 SET @OLD_SQL_NOTES=@@SQL_NOTES, SQL_NOTES=0 */;


-- Dumping database structure for heroku_9545e73caaf405a
CREATE DATABASE IF NOT EXISTS `heroku_9545e73caaf405a` /*!40100 DEFAULT CHARACTER SET utf8 COLLATE utf8_unicode_ci */;
USE `heroku_9545e73caaf405a`;

-- Dumping structure for table heroku_9545e73caaf405a.chapter
CREATE TABLE IF NOT EXISTS `chapter` (
  `chapter_id` int(11) NOT NULL AUTO_INCREMENT,
  `chapter_so` int(10) unsigned NOT NULL,
  `chapter_ten` mediumtext COLLATE utf8_unicode_ci NOT NULL,
  `chapter_ngay_cap_nhat` datetime NOT NULL,
  `chapter_trang_thai` tinyint(4) NOT NULL COMMENT '#1: Hiện, #2: Ẩn',
  `truyen_id` int(11) NOT NULL,
  PRIMARY KEY (`chapter_id`),
  KEY `FK_truyen_chapter` (`truyen_id`),
  CONSTRAINT `FK_truyen_chapter` FOREIGN KEY (`truyen_id`) REFERENCES `truyen` (`truyen_id`) ON DELETE CASCADE ON UPDATE CASCADE
) ENGINE=InnoDB AUTO_INCREMENT=42 DEFAULT CHARSET=utf8 COLLATE=utf8_unicode_ci;

-- Dumping data for table heroku_9545e73caaf405a.chapter: ~28 rows (approximately)
DELETE FROM `chapter`;
INSERT INTO `chapter` (`chapter_id`, `chapter_so`, `chapter_ten`, `chapter_ngay_cap_nhat`, `chapter_trang_thai`, `truyen_id`) VALUES
	(13, 1, 'chapter_1', '2022-09-10 08:15:37', 1, 4),
	(14, 2, 'chapter_2', '2022-09-10 08:15:37', 1, 4),
	(15, 3, 'chapter_3', '2022-09-10 08:15:37', 1, 4),
	(16, 4, 'chapter_4', '2022-09-10 08:15:37', 1, 4),
	(17, 1, 'chapter_1', '2022-09-10 08:15:37', 1, 5),
	(18, 2, 'chapter_2', '2022-09-10 08:15:37', 1, 5),
	(19, 3, 'chapter_3', '2022-09-10 08:15:37', 1, 5),
	(20, 4, 'chapter_4', '2022-09-10 08:15:37', 1, 5),
	(21, 1, 'chapter_1', '2022-09-10 08:15:37', 1, 6),
	(22, 2, 'chapter_2', '2022-09-10 08:15:37', 1, 6),
	(23, 3, 'chapter_3', '2022-09-10 08:15:37', 1, 6),
	(24, 4, 'chapter_4', '2022-09-10 08:15:37', 1, 6),
	(25, 1, 'chapter_1', '2022-09-10 08:15:37', 1, 7),
	(26, 2, 'chapter_2', '2022-09-10 08:15:37', 1, 7),
	(27, 3, 'chapter_3', '2022-09-10 08:15:37', 1, 7),
	(28, 4, 'chapter_4', '2022-09-10 08:15:37', 1, 7),
	(29, 1, 'chapter_1', '2022-09-10 08:15:37', 1, 8),
	(30, 2, 'chapter_2', '2022-09-10 08:15:37', 1, 8),
	(31, 3, 'chapter_3', '2022-09-10 08:15:37', 1, 8),
	(32, 4, 'chapter_4', '2022-09-10 08:15:37', 1, 8),
	(33, 1, 'chapter_1', '2022-09-10 08:15:37', 1, 9),
	(34, 2, 'chapter_2', '2022-09-10 08:15:37', 1, 9),
	(35, 3, 'chapter_3', '2022-09-10 08:15:37', 1, 9),
	(36, 4, 'chapter_4', '2022-09-10 08:15:37', 1, 9),
	(37, 1, 'chapter_1', '2022-09-10 08:15:37', 1, 10),
	(38, 2, 'chapter_2', '2022-09-10 08:15:37', 1, 10),
	(39, 3, 'chapter_3', '2022-09-10 08:15:37', 1, 10),
	(40, 4, 'chapter_4', '2022-09-10 08:15:37', 1, 10);

-- Dumping structure for table heroku_9545e73caaf405a.chapter_noi_dung
CREATE TABLE IF NOT EXISTS `chapter_noi_dung` (
  `chapter_noi_dung_id` int(11) NOT NULL AUTO_INCREMENT,
  `chapter_noi_dung` varchar(50) COLLATE utf8_unicode_ci NOT NULL COMMENT 'Lưu nội dung chap truyện hoặc hình ảnh của chap',
  `chapter_id` int(11) NOT NULL,
  PRIMARY KEY (`chapter_noi_dung_id`),
  KEY `FK_chapter_chapter-noi-dung` (`chapter_id`),
  CONSTRAINT `FK_chapter_chapter-noi-dung` FOREIGN KEY (`chapter_id`) REFERENCES `chapter` (`chapter_id`) ON DELETE CASCADE ON UPDATE CASCADE
) ENGINE=InnoDB AUTO_INCREMENT=1188 DEFAULT CHARSET=utf8 COLLATE=utf8_unicode_ci;

-- Dumping data for table heroku_9545e73caaf405a.chapter_noi_dung: ~781 rows (approximately)
DELETE FROM `chapter_noi_dung`;
INSERT INTO `chapter_noi_dung` (`chapter_noi_dung_id`, `chapter_noi_dung`, `chapter_id`) VALUES
	(398, 'truyen-tranh/20220911013748_002.jpg', 13),
	(399, 'truyen-tranh/20220911013748_003.jpg', 13),
	(400, 'truyen-tranh/20220911013748_004.jpg', 13),
	(401, 'truyen-tranh/20220911013748_005.jpg', 13),
	(402, 'truyen-tranh/20220911013748_006.jpg', 13),
	(403, 'truyen-tranh/20220911013748_007.jpg', 13),
	(404, 'truyen-tranh/20220911013748_008.jpg', 13),
	(405, 'truyen-tranh/20220911013748_009.jpg', 13),
	(406, 'truyen-tranh/20220911013748_010.jpg', 13),
	(407, 'truyen-tranh/20220911013748_011.jpg', 13),
	(408, 'truyen-tranh/20220911013748_012.jpg', 13),
	(409, 'truyen-tranh/20220911013748_013.jpg', 13),
	(410, 'truyen-tranh/20220911013748_014.jpg', 13),
	(411, 'truyen-tranh/20220911013748_015.jpg', 13),
	(412, 'truyen-tranh/20220911013748_016.jpg', 13),
	(413, 'truyen-tranh/20220911013748_017.jpg', 13),
	(414, 'truyen-tranh/20220911013748_018.jpg', 13),
	(415, 'truyen-tranh/20220911013748_019.jpg', 13),
	(416, 'truyen-tranh/20220911013748_020.jpg', 13),
	(417, 'truyen-tranh/20220911013748_021.jpg', 13),
	(418, 'truyen-tranh/20220911013748_023.jpg', 13),
	(419, 'truyen-tranh/20220911013748_022.jpg', 13),
	(420, 'truyen-tranh/20220911013748_024.jpg', 13),
	(421, 'truyen-tranh/20220911013748_026.jpg', 13),
	(422, 'truyen-tranh/20220911013748_025.jpg', 13),
	(423, 'truyen-tranh/20220911013748_027.jpg', 13),
	(424, 'truyen-tranh/20220911013748_028.jpg', 13),
	(425, 'truyen-tranh/20220911013748_029.jpg', 13),
	(426, 'truyen-tranh/20220911013748_030.jpg', 13),
	(427, 'truyen-tranh/20220911013748_032.jpg', 13),
	(428, 'truyen-tranh/20220911013748_031.jpg', 13),
	(429, 'truyen-tranh/20220911013748_033.jpg', 13),
	(430, 'truyen-tranh/20220911013748_034.jpg', 13),
	(431, 'truyen-tranh/20220911013748_035.jpg', 13),
	(432, 'truyen-tranh/20220911013748_037.jpg', 13),
	(433, 'truyen-tranh/20220911013748_036.jpg', 13),
	(434, 'truyen-tranh/20220911013748_038.jpg', 13),
	(435, 'truyen-tranh/20220911013748_039.jpg', 13),
	(436, 'truyen-tranh/20220911013748_041.jpg', 13),
	(437, 'truyen-tranh/20220911013748_040.jpg', 13),
	(438, 'truyen-tranh/20220911013748_042.jpg', 13),
	(439, 'truyen-tranh/20220911013748_044.jpg', 13),
	(440, 'truyen-tranh/20220911013748_043.jpg', 13),
	(441, 'truyen-tranh/20220911013748_045.jpg', 13),
	(442, 'truyen-tranh/20220911013748_046.jpg', 13),
	(443, 'truyen-tranh/20220911013748_047.jpg', 13),
	(444, 'truyen-tranh/20220911013748_048.jpg', 13),
	(445, 'truyen-tranh/20220911013748_049.jpg', 13),
	(446, 'truyen-tranh/20220911013748_050.jpg', 13),
	(447, 'truyen-tranh/20220911013748_051.jpg', 13),
	(448, 'truyen-tranh/20220911013748_052.jpg', 13),
	(449, 'truyen-tranh/20220911013748_053.jpg', 13),
	(450, 'truyen-tranh/20220911013748_054.jpg', 13),
	(451, 'truyen-tranh/20220911013757_001.jpg', 13),
	(452, 'truyen-tranh/20220911013757_002.jpg', 13),
	(453, 'truyen-tranh/20220911013757_003.jpg', 13),
	(454, 'truyen-tranh/20220911013757_004.jpg', 13),
	(455, 'truyen-tranh/20220911013757_005.jpg', 13),
	(456, 'truyen-tranh/20220911013757_006.jpg', 13),
	(457, 'truyen-tranh/20220911013757_007.jpg', 13),
	(458, 'truyen-tranh/20220911013757_008.jpg', 13),
	(459, 'truyen-tranh/20220911013757_009.jpg', 13),
	(460, 'truyen-tranh/20220911013757_010.jpg', 13),
	(461, 'truyen-tranh/20220911013757_011.jpg', 13),
	(462, 'truyen-tranh/20220911013757_012.jpg', 13),
	(463, 'truyen-tranh/20220911013757_013.jpg', 13),
	(464, 'truyen-tranh/20220911013757_014.jpg', 13),
	(465, 'truyen-tranh/20220911013757_016.jpg', 13),
	(466, 'truyen-tranh/20220911013757_015.jpg', 13),
	(467, 'truyen-tranh/20220911013757_017.jpg', 13),
	(468, 'truyen-tranh/20220911013757_018.jpg', 13),
	(469, 'truyen-tranh/20220911013757_019.jpg', 13),
	(470, 'truyen-tranh/20220911013757_020.jpg', 13),
	(471, 'truyen-tranh/20220911013757_022.jpg', 13),
	(472, 'truyen-tranh/20220911013757_021.jpg', 13),
	(473, 'truyen-tranh/20220911013757_023.jpg', 13),
	(474, 'truyen-tranh/20220911013757_024.jpg', 13),
	(475, 'truyen-tranh/20220911013757_025.jpg', 13),
	(476, 'truyen-tranh/20220911013819_001.jpg', 15),
	(477, 'truyen-tranh/20220911013819_002.jpg', 15),
	(478, 'truyen-tranh/20220911013819_004.jpg', 15),
	(479, 'truyen-tranh/20220911013819_003.jpg', 15),
	(480, 'truyen-tranh/20220911013819_005.jpg', 15),
	(481, 'truyen-tranh/20220911013819_006.jpg', 15),
	(482, 'truyen-tranh/20220911013819_007.jpg', 15),
	(483, 'truyen-tranh/20220911013819_008.jpg', 15),
	(484, 'truyen-tranh/20220911013819_009.jpg', 15),
	(485, 'truyen-tranh/20220911013819_010.jpg', 15),
	(486, 'truyen-tranh/20220911013819_011.jpg', 15),
	(487, 'truyen-tranh/20220911013819_012.jpg', 15),
	(488, 'truyen-tranh/20220911013819_013.jpg', 15),
	(489, 'truyen-tranh/20220911013819_014.jpg', 15),
	(490, 'truyen-tranh/20220911013819_016.jpg', 15),
	(491, 'truyen-tranh/20220911013819_015.jpg', 15),
	(492, 'truyen-tranh/20220911013819_017.jpg', 15),
	(493, 'truyen-tranh/20220911013819_018.jpg', 15),
	(494, 'truyen-tranh/20220911013819_019.jpg', 15),
	(495, 'truyen-tranh/20220911013819_020.jpg', 15),
	(496, 'truyen-tranh/20220911013819_022.jpg', 15),
	(497, 'truyen-tranh/20220911013819_021.jpg', 15),
	(498, 'truyen-tranh/20220911013819_023.jpg', 15),
	(499, 'truyen-tranh/20220911013828_001.jpg', 16),
	(500, 'truyen-tranh/20220911013828_002.jpg', 16),
	(501, 'truyen-tranh/20220911013828_004.jpg', 16),
	(502, 'truyen-tranh/20220911013828_003.jpg', 16),
	(503, 'truyen-tranh/20220911013828_005.jpg', 16),
	(504, 'truyen-tranh/20220911013828_006.jpg', 16),
	(505, 'truyen-tranh/20220911013828_007.jpg', 16),
	(506, 'truyen-tranh/20220911013828_009.jpg', 16),
	(507, 'truyen-tranh/20220911013828_008.jpg', 16),
	(508, 'truyen-tranh/20220911013828_010.jpg', 16),
	(509, 'truyen-tranh/20220911013828_011.jpg', 16),
	(510, 'truyen-tranh/20220911013828_012.jpg', 16),
	(511, 'truyen-tranh/20220911013828_013.jpg', 16),
	(512, 'truyen-tranh/20220911013828_015.jpg', 16),
	(513, 'truyen-tranh/20220911013828_014.jpg', 16),
	(514, 'truyen-tranh/20220911013828_016.jpg', 16),
	(515, 'truyen-tranh/20220911013828_017.jpg', 16),
	(516, 'truyen-tranh/20220911013828_018.jpg', 16),
	(517, 'truyen-tranh/20220911013829_019.jpg', 16),
	(518, 'truyen-tranh/20220911014015_002.jpg', 17),
	(519, 'truyen-tranh/20220911014015_003.jpg', 17),
	(520, 'truyen-tranh/20220911014015_004.jpg', 17),
	(521, 'truyen-tranh/20220911014015_005.jpg', 17),
	(522, 'truyen-tranh/20220911014015_006.jpg', 17),
	(523, 'truyen-tranh/20220911014015_007.jpg', 17),
	(524, 'truyen-tranh/20220911014015_008.jpg', 17),
	(525, 'truyen-tranh/20220911014015_009.jpg', 17),
	(526, 'truyen-tranh/20220911014015_010.jpg', 17),
	(527, 'truyen-tranh/20220911014015_011.jpg', 17),
	(528, 'truyen-tranh/20220911014015_012.jpg', 17),
	(529, 'truyen-tranh/20220911014015_014.jpg', 17),
	(530, 'truyen-tranh/20220911014015_013.jpg', 17),
	(531, 'truyen-tranh/20220911014015_015.jpg', 17),
	(532, 'truyen-tranh/20220911014015_017.jpg', 17),
	(533, 'truyen-tranh/20220911014015_016.jpg', 17),
	(534, 'truyen-tranh/20220911014015_018.jpg', 17),
	(535, 'truyen-tranh/20220911014028_001.jpg', 18),
	(536, 'truyen-tranh/20220911014028_002.jpg', 18),
	(537, 'truyen-tranh/20220911014028_003.jpg', 18),
	(538, 'truyen-tranh/20220911014028_004.jpg', 18),
	(539, 'truyen-tranh/20220911014028_005.jpg', 18),
	(540, 'truyen-tranh/20220911014028_006.jpg', 18),
	(541, 'truyen-tranh/20220911014028_007.jpg', 18),
	(542, 'truyen-tranh/20220911014028_008.jpg', 18),
	(543, 'truyen-tranh/20220911014028_010.jpg', 18),
	(544, 'truyen-tranh/20220911014028_009.jpg', 18),
	(545, 'truyen-tranh/20220911014028_011.jpg', 18),
	(546, 'truyen-tranh/20220911014028_012.jpg', 18),
	(547, 'truyen-tranh/20220911014028_013.jpg', 18),
	(548, 'truyen-tranh/20220911014028_014.jpg', 18),
	(549, 'truyen-tranh/20220911014036_001.jpg', 18),
	(550, 'truyen-tranh/20220911014036_002.jpg', 18),
	(551, 'truyen-tranh/20220911014036_004.jpg', 18),
	(552, 'truyen-tranh/20220911014036_003.jpg', 18),
	(553, 'truyen-tranh/20220911014036_005.jpg', 18),
	(554, 'truyen-tranh/20220911014036_006.jpg', 18),
	(555, 'truyen-tranh/20220911014036_007.jpg', 18),
	(556, 'truyen-tranh/20220911014036_008.jpg', 18),
	(557, 'truyen-tranh/20220911014036_009.jpg', 18),
	(558, 'truyen-tranh/20220911014036_010.jpg', 18),
	(559, 'truyen-tranh/20220911014036_011.jpg', 18),
	(560, 'truyen-tranh/20220911014036_013.jpg', 18),
	(561, 'truyen-tranh/20220911014036_012.jpg', 18),
	(562, 'truyen-tranh/20220911014036_014.jpg', 18),
	(563, 'truyen-tranh/20220911014036_016.jpg', 18),
	(564, 'truyen-tranh/20220911014036_015.jpg', 18),
	(565, 'truyen-tranh/20220911014036_017.jpg', 18),
	(566, 'truyen-tranh/20220911014036_019.jpg', 18),
	(567, 'truyen-tranh/20220911014036_018.jpg', 18),
	(568, 'truyen-tranh/20220911014036_020.jpg', 18),
	(569, 'truyen-tranh/20220911014049_001.jpg', 20),
	(570, 'truyen-tranh/20220911014049_002.jpg', 20),
	(571, 'truyen-tranh/20220911014049_003.jpg', 20),
	(572, 'truyen-tranh/20220911014049_004.jpg', 20),
	(573, 'truyen-tranh/20220911014049_005.jpg', 20),
	(574, 'truyen-tranh/20220911014049_007.jpg', 20),
	(575, 'truyen-tranh/20220911014049_006.jpg', 20),
	(576, 'truyen-tranh/20220911014049_008.jpg', 20),
	(577, 'truyen-tranh/20220911014049_009.jpg', 20),
	(578, 'truyen-tranh/20220911014049_010.jpg', 20),
	(579, 'truyen-tranh/20220911014049_011.jpg', 20),
	(580, 'truyen-tranh/20220911014049_012.jpg', 20),
	(581, 'truyen-tranh/20220911014049_013.jpg', 20),
	(582, 'truyen-tranh/20220911014049_014.jpg', 20),
	(583, 'truyen-tranh/20220911014049_016.jpg', 20),
	(584, 'truyen-tranh/20220911014049_015.jpg', 20),
	(585, 'truyen-tranh/20220911014049_017.jpg', 20),
	(586, 'truyen-tranh/20220911014049_018.jpg', 20),
	(587, 'truyen-tranh/20220911014049_019.jpg', 20),
	(588, 'truyen-tranh/20220911014050_020.jpg', 20),
	(589, 'truyen-tranh/20220911014231_002.jpg', 21),
	(590, 'truyen-tranh/20220911014231_003.jpg', 21),
	(591, 'truyen-tranh/20220911014232_005.jpg', 21),
	(592, 'truyen-tranh/20220911014232_004.jpg', 21),
	(593, 'truyen-tranh/20220911014232_006.jpg', 21),
	(594, 'truyen-tranh/20220911014232_007.jpg', 21),
	(595, 'truyen-tranh/20220911014232_009.jpg', 21),
	(596, 'truyen-tranh/20220911014232_008.jpg', 21),
	(597, 'truyen-tranh/20220911014232_010.jpg', 21),
	(598, 'truyen-tranh/20220911014232_011.jpg', 21),
	(599, 'truyen-tranh/20220911014232_012.jpg', 21),
	(600, 'truyen-tranh/20220911014232_013.jpg', 21),
	(601, 'truyen-tranh/20220911014232_014.jpg', 21),
	(602, 'truyen-tranh/20220911014232_015.jpg', 21),
	(603, 'truyen-tranh/20220911014232_016.jpg', 21),
	(604, 'truyen-tranh/20220911014232_018.jpg', 21),
	(605, 'truyen-tranh/20220911014232_017.jpg', 21),
	(606, 'truyen-tranh/20220911014232_019.jpg', 21),
	(607, 'truyen-tranh/20220911014232_020.jpg', 21),
	(608, 'truyen-tranh/20220911014232_021.jpg', 21),
	(609, 'truyen-tranh/20220911014232_022.jpg', 21),
	(610, 'truyen-tranh/20220911014232_023.jpg', 21),
	(611, 'truyen-tranh/20220911014232_024.jpg', 21),
	(612, 'truyen-tranh/20220911014232_025.jpg', 21),
	(613, 'truyen-tranh/20220911014232_026.jpg', 21),
	(614, 'truyen-tranh/20220911014232_027.jpg', 21),
	(615, 'truyen-tranh/20220911014232_028.jpg', 21),
	(616, 'truyen-tranh/20220911014232_029.jpg', 21),
	(617, 'truyen-tranh/20220911014232_030.jpg', 21),
	(618, 'truyen-tranh/20220911014232_032.jpg', 21),
	(619, 'truyen-tranh/20220911014232_031.jpg', 21),
	(620, 'truyen-tranh/20220911014232_033.jpg', 21),
	(621, 'truyen-tranh/20220911014232_034.jpg', 21),
	(622, 'truyen-tranh/20220911014232_036.jpg', 21),
	(623, 'truyen-tranh/20220911014232_035.jpg', 21),
	(624, 'truyen-tranh/20220911014232_037.jpg', 21),
	(625, 'truyen-tranh/20220911014232_038.jpg', 21),
	(626, 'truyen-tranh/20220911014232_039.jpg', 21),
	(627, 'truyen-tranh/20220911014232_040.jpg', 21),
	(628, 'truyen-tranh/20220911014232_041.jpg', 21),
	(629, 'truyen-tranh/20220911014232_042.jpg', 21),
	(630, 'truyen-tranh/20220911014232_043.jpg', 21),
	(631, 'truyen-tranh/20220911014232_045.jpg', 21),
	(632, 'truyen-tranh/20220911014232_044.jpg', 21),
	(633, 'truyen-tranh/20220911014232_047.jpg', 21),
	(634, 'truyen-tranh/20220911014232_046.jpg', 21),
	(635, 'truyen-tranh/20220911014233_048.jpg', 21),
	(636, 'truyen-tranh/20220911014233_049.jpg', 21),
	(637, 'truyen-tranh/20220911014243_001.jpg', 22),
	(638, 'truyen-tranh/20220911014243_002.jpg', 22),
	(639, 'truyen-tranh/20220911014243_003.jpg', 22),
	(640, 'truyen-tranh/20220911014243_005.jpg', 22),
	(641, 'truyen-tranh/20220911014243_004.jpg', 22),
	(642, 'truyen-tranh/20220911014243_006.jpg', 22),
	(643, 'truyen-tranh/20220911014243_007.jpg', 22),
	(644, 'truyen-tranh/20220911014243_008.jpg', 22),
	(645, 'truyen-tranh/20220911014243_010.jpg', 22),
	(646, 'truyen-tranh/20220911014243_009.jpg', 22),
	(647, 'truyen-tranh/20220911014243_011.jpg', 22),
	(648, 'truyen-tranh/20220911014243_012.jpg', 22),
	(649, 'truyen-tranh/20220911014243_013.jpg', 22),
	(650, 'truyen-tranh/20220911014243_014.jpg', 22),
	(651, 'truyen-tranh/20220911014243_016.jpg', 22),
	(652, 'truyen-tranh/20220911014243_015.jpg', 22),
	(653, 'truyen-tranh/20220911014243_017.jpg', 22),
	(654, 'truyen-tranh/20220911014243_018.jpg', 22),
	(655, 'truyen-tranh/20220911014243_020.jpg', 22),
	(656, 'truyen-tranh/20220911014243_019.jpg', 22),
	(657, 'truyen-tranh/20220911014243_022.jpg', 22),
	(658, 'truyen-tranh/20220911014243_021.jpg', 22),
	(659, 'truyen-tranh/20220911014243_023.jpg', 22),
	(660, 'truyen-tranh/20220911014243_024.jpg', 22),
	(661, 'truyen-tranh/20220911014243_025.jpg', 22),
	(662, 'truyen-tranh/20220911014243_026.jpg', 22),
	(663, 'truyen-tranh/20220911014243_027.jpg', 22),
	(664, 'truyen-tranh/20220911014243_028.jpg', 22),
	(665, 'truyen-tranh/20220911014243_029.jpg', 22),
	(666, 'truyen-tranh/20220911014243_030.jpg', 22),
	(667, 'truyen-tranh/20220911014243_031.jpg', 22),
	(668, 'truyen-tranh/20220911014243_032.jpg', 22),
	(669, 'truyen-tranh/20220911014243_034.jpg', 22),
	(670, 'truyen-tranh/20220911014243_033.jpg', 22),
	(671, 'truyen-tranh/20220911014244_035.jpg', 22),
	(672, 'truyen-tranh/20220911014244_037.jpg', 22),
	(673, 'truyen-tranh/20220911014244_036.jpg', 22),
	(674, 'truyen-tranh/20220911014244_038.jpg', 22),
	(675, 'truyen-tranh/20220911014244_039.jpg', 22),
	(676, 'truyen-tranh/20220911014244_040.jpg', 22),
	(677, 'truyen-tranh/20220911014244_041.jpg', 22),
	(678, 'truyen-tranh/20220911014254_001.jpg', 23),
	(679, 'truyen-tranh/20220911014254_002.jpg', 23),
	(680, 'truyen-tranh/20220911014254_003.jpg', 23),
	(681, 'truyen-tranh/20220911014254_004.jpg', 23),
	(682, 'truyen-tranh/20220911014254_005.jpg', 23),
	(683, 'truyen-tranh/20220911014254_006.jpg', 23),
	(684, 'truyen-tranh/20220911014254_007.jpg', 23),
	(685, 'truyen-tranh/20220911014254_008.jpg', 23),
	(686, 'truyen-tranh/20220911014254_009.jpg', 23),
	(687, 'truyen-tranh/20220911014254_010.jpg', 23),
	(688, 'truyen-tranh/20220911014254_011.jpg', 23),
	(689, 'truyen-tranh/20220911014254_013.jpg', 23),
	(690, 'truyen-tranh/20220911014254_012.jpg', 23),
	(691, 'truyen-tranh/20220911014254_015.jpg', 23),
	(692, 'truyen-tranh/20220911014254_014.jpg', 23),
	(693, 'truyen-tranh/20220911014254_016.jpg', 23),
	(694, 'truyen-tranh/20220911014254_017.jpg', 23),
	(695, 'truyen-tranh/20220911014254_018.jpg', 23),
	(696, 'truyen-tranh/20220911014254_019.jpg', 23),
	(697, 'truyen-tranh/20220911014254_020.jpg', 23),
	(698, 'truyen-tranh/20220911014254_022.jpg', 23),
	(699, 'truyen-tranh/20220911014254_021.jpg', 23),
	(700, 'truyen-tranh/20220911014254_023.jpg', 23),
	(701, 'truyen-tranh/20220911014254_024.jpg', 23),
	(702, 'truyen-tranh/20220911014254_025.jpg', 23),
	(703, 'truyen-tranh/20220911014254_026.jpg', 23),
	(704, 'truyen-tranh/20220911014254_027.jpg', 23),
	(705, 'truyen-tranh/20220911014303_001.jpg', 24),
	(706, 'truyen-tranh/20220911014303_002.jpg', 24),
	(707, 'truyen-tranh/20220911014303_003.jpg', 24),
	(708, 'truyen-tranh/20220911014304_004.jpg', 24),
	(709, 'truyen-tranh/20220911014304_005.jpg', 24),
	(710, 'truyen-tranh/20220911014304_007.jpg', 24),
	(711, 'truyen-tranh/20220911014304_006.jpg', 24),
	(712, 'truyen-tranh/20220911014304_008.jpg', 24),
	(713, 'truyen-tranh/20220911014304_009.jpg', 24),
	(714, 'truyen-tranh/20220911014304_010.jpg', 24),
	(715, 'truyen-tranh/20220911014304_011.jpg', 24),
	(716, 'truyen-tranh/20220911014304_012.jpg', 24),
	(717, 'truyen-tranh/20220911014304_013.jpg', 24),
	(718, 'truyen-tranh/20220911014304_014.jpg', 24),
	(719, 'truyen-tranh/20220911014304_016.jpg', 24),
	(720, 'truyen-tranh/20220911014304_015.jpg', 24),
	(721, 'truyen-tranh/20220911014304_017.jpg', 24),
	(722, 'truyen-tranh/20220911014304_018.jpg', 24),
	(723, 'truyen-tranh/20220911014304_019.jpg', 24),
	(724, 'truyen-tranh/20220911014304_020.jpg', 24),
	(725, 'truyen-tranh/20220911014304_022.jpg', 24),
	(726, 'truyen-tranh/20220911014304_021.jpg', 24),
	(727, 'truyen-tranh/20220911014304_023.jpg', 24),
	(728, 'truyen-tranh/20220911014304_024.jpg', 24),
	(729, 'truyen-tranh/20220911014304_025.jpg', 24),
	(730, 'truyen-tranh/20220911014451_002.jpg', 25),
	(731, 'truyen-tranh/20220911014451_003.jpg', 25),
	(732, 'truyen-tranh/20220911014451_004.jpg', 25),
	(733, 'truyen-tranh/20220911014451_005.jpg', 25),
	(734, 'truyen-tranh/20220911014451_006.jpg', 25),
	(735, 'truyen-tranh/20220911014451_007.jpg', 25),
	(736, 'truyen-tranh/20220911014451_008.jpg', 25),
	(737, 'truyen-tranh/20220911014451_009.jpg', 25),
	(738, 'truyen-tranh/20220911014451_010.jpg', 25),
	(739, 'truyen-tranh/20220911014451_011.jpg', 25),
	(740, 'truyen-tranh/20220911014451_012.jpg', 25),
	(741, 'truyen-tranh/20220911014451_014.jpg', 25),
	(742, 'truyen-tranh/20220911014451_013.jpg', 25),
	(743, 'truyen-tranh/20220911014451_015.jpg', 25),
	(744, 'truyen-tranh/20220911014451_016.jpg', 25),
	(745, 'truyen-tranh/20220911014451_017.jpg', 25),
	(746, 'truyen-tranh/20220911014451_018.jpg', 25),
	(747, 'truyen-tranh/20220911014451_019.jpg', 25),
	(748, 'truyen-tranh/20220911014451_020.jpg', 25),
	(749, 'truyen-tranh/20220911014451_021.jpg', 25),
	(750, 'truyen-tranh/20220911014451_022.jpg', 25),
	(751, 'truyen-tranh/20220911014451_023.jpg', 25),
	(752, 'truyen-tranh/20220911014451_024.jpg', 25),
	(753, 'truyen-tranh/20220911014451_026.jpg', 25),
	(754, 'truyen-tranh/20220911014451_025.jpg', 25),
	(755, 'truyen-tranh/20220911014451_027.jpg', 25),
	(756, 'truyen-tranh/20220911014451_028.jpg', 25),
	(757, 'truyen-tranh/20220911014451_029.jpg', 25),
	(758, 'truyen-tranh/20220911014451_030.jpg', 25),
	(759, 'truyen-tranh/20220911014451_031.jpg', 25),
	(760, 'truyen-tranh/20220911014451_032.jpg', 25),
	(761, 'truyen-tranh/20220911014451_033.jpg', 25),
	(762, 'truyen-tranh/20220911014451_035.jpg', 25),
	(763, 'truyen-tranh/20220911014451_034.jpg', 25),
	(764, 'truyen-tranh/20220911014451_036.jpg', 25),
	(765, 'truyen-tranh/20220911014451_037.jpg', 25),
	(766, 'truyen-tranh/20220911014451_038.jpg', 25),
	(767, 'truyen-tranh/20220911014451_039.jpg', 25),
	(768, 'truyen-tranh/20220911014451_040.jpg', 25),
	(769, 'truyen-tranh/20220911014452_042.jpg', 25),
	(770, 'truyen-tranh/20220911014452_043.jpg', 25),
	(771, 'truyen-tranh/20220911014452_041.jpg', 25),
	(772, 'truyen-tranh/20220911014452_044.jpg', 25),
	(773, 'truyen-tranh/20220911014452_045.jpg', 25),
	(774, 'truyen-tranh/20220911014452_046.jpg', 25),
	(775, 'truyen-tranh/20220911014452_047.jpg', 25),
	(776, 'truyen-tranh/20220911014452_048.jpg', 25),
	(777, 'truyen-tranh/20220911014502_001.jpg', 26),
	(778, 'truyen-tranh/20220911014502_002.jpg', 26),
	(779, 'truyen-tranh/20220911014502_003.jpg', 26),
	(780, 'truyen-tranh/20220911014502_004.jpg', 26),
	(781, 'truyen-tranh/20220911014502_005.jpg', 26),
	(782, 'truyen-tranh/20220911014502_006.jpg', 26),
	(783, 'truyen-tranh/20220911014502_007.jpg', 26),
	(784, 'truyen-tranh/20220911014502_008.jpg', 26),
	(785, 'truyen-tranh/20220911014502_010.jpg', 26),
	(786, 'truyen-tranh/20220911014502_009.jpg', 26),
	(787, 'truyen-tranh/20220911014502_011.jpg', 26),
	(788, 'truyen-tranh/20220911014502_013.jpg', 26),
	(789, 'truyen-tranh/20220911014502_012.jpg', 26),
	(790, 'truyen-tranh/20220911014502_014.jpg', 26),
	(791, 'truyen-tranh/20220911014502_015.jpg', 26),
	(792, 'truyen-tranh/20220911014502_016.jpg', 26),
	(793, 'truyen-tranh/20220911014502_017.jpg', 26),
	(794, 'truyen-tranh/20220911014502_019.jpg', 26),
	(795, 'truyen-tranh/20220911014502_018.jpg', 26),
	(796, 'truyen-tranh/20220911014502_020.jpg', 26),
	(797, 'truyen-tranh/20220911014502_022.jpg', 26),
	(798, 'truyen-tranh/20220911014502_021.jpg', 26),
	(799, 'truyen-tranh/20220911014502_023.jpg', 26),
	(800, 'truyen-tranh/20220911014502_024.jpg', 26),
	(801, 'truyen-tranh/20220911014502_025.jpg', 26),
	(802, 'truyen-tranh/20220911014502_026.jpg', 26),
	(803, 'truyen-tranh/20220911014502_028.jpg', 26),
	(804, 'truyen-tranh/20220911014502_027.jpg', 26),
	(805, 'truyen-tranh/20220911014502_029.jpg', 26),
	(806, 'truyen-tranh/20220911014502_030.jpg', 26),
	(807, 'truyen-tranh/20220911014502_031.jpg', 26),
	(808, 'truyen-tranh/20220911014502_032.jpg', 26),
	(809, 'truyen-tranh/20220911014502_033.jpg', 26),
	(810, 'truyen-tranh/20220911014502_034.jpg', 26),
	(811, 'truyen-tranh/20220911014502_035.jpg', 26),
	(812, 'truyen-tranh/20220911014503_036.jpg', 26),
	(813, 'truyen-tranh/20220911014540_001.jpg', 27),
	(814, 'truyen-tranh/20220911014540_002.jpg', 27),
	(815, 'truyen-tranh/20220911014540_003.jpg', 27),
	(816, 'truyen-tranh/20220911014540_004.jpg', 27),
	(817, 'truyen-tranh/20220911014540_005.jpg', 27),
	(818, 'truyen-tranh/20220911014540_007.jpg', 27),
	(819, 'truyen-tranh/20220911014540_006.jpg', 27),
	(820, 'truyen-tranh/20220911014540_008.jpg', 27),
	(821, 'truyen-tranh/20220911014540_009.jpg', 27),
	(822, 'truyen-tranh/20220911014540_010.jpg', 27),
	(823, 'truyen-tranh/20220911014540_011.jpg', 27),
	(824, 'truyen-tranh/20220911014540_012.jpg', 27),
	(825, 'truyen-tranh/20220911014540_013.jpg', 27),
	(826, 'truyen-tranh/20220911014540_014.jpg', 27),
	(827, 'truyen-tranh/20220911014540_016.jpg', 27),
	(828, 'truyen-tranh/20220911014540_015.jpg', 27),
	(829, 'truyen-tranh/20220911014540_017.jpg', 27),
	(830, 'truyen-tranh/20220911014540_019.jpg', 27),
	(831, 'truyen-tranh/20220911014540_018.jpg', 27),
	(832, 'truyen-tranh/20220911014540_020.jpg', 27),
	(833, 'truyen-tranh/20220911014540_021.jpg', 27),
	(834, 'truyen-tranh/20220911014540_022.jpg', 27),
	(835, 'truyen-tranh/20220911014540_023.jpg', 27),
	(836, 'truyen-tranh/20220911014540_024.jpg', 27),
	(837, 'truyen-tranh/20220911014540_025.jpg', 27),
	(838, 'truyen-tranh/20220911014540_026.jpg', 27),
	(839, 'truyen-tranh/20220911014540_028.jpg', 27),
	(840, 'truyen-tranh/20220911014540_027.jpg', 27),
	(841, 'truyen-tranh/20220911014540_029.jpg', 27),
	(842, 'truyen-tranh/20220911014540_030.jpg', 27),
	(843, 'truyen-tranh/20220911014540_031.jpg', 27),
	(844, 'truyen-tranh/20220911014540_032.jpg', 27),
	(845, 'truyen-tranh/20220911014550_001.jpg', 28),
	(846, 'truyen-tranh/20220911014550_002.jpg', 28),
	(847, 'truyen-tranh/20220911014550_003.jpg', 28),
	(848, 'truyen-tranh/20220911014550_004.jpg', 28),
	(849, 'truyen-tranh/20220911014550_005.jpg', 28),
	(850, 'truyen-tranh/20220911014550_006.jpg', 28),
	(851, 'truyen-tranh/20220911014550_007.jpg', 28),
	(852, 'truyen-tranh/20220911014551_008.jpg', 28),
	(853, 'truyen-tranh/20220911014551_009.jpg', 28),
	(854, 'truyen-tranh/20220911014551_010.jpg', 28),
	(855, 'truyen-tranh/20220911014551_011.jpg', 28),
	(856, 'truyen-tranh/20220911014551_012.jpg', 28),
	(857, 'truyen-tranh/20220911014551_013.jpg', 28),
	(858, 'truyen-tranh/20220911014551_014.jpg', 28),
	(859, 'truyen-tranh/20220911014551_015.jpg', 28),
	(860, 'truyen-tranh/20220911014551_016.jpg', 28),
	(861, 'truyen-tranh/20220911014551_017.jpg', 28),
	(862, 'truyen-tranh/20220911014551_018.jpg', 28),
	(863, 'truyen-tranh/20220911014551_019.jpg', 28),
	(864, 'truyen-tranh/20220911014551_020.jpg', 28),
	(865, 'truyen-tranh/20220911014551_021.jpg', 28),
	(866, 'truyen-tranh/20220911014551_022.jpg', 28),
	(867, 'truyen-tranh/20220911014551_023.jpg', 28),
	(868, 'truyen-tranh/20220911014551_024.jpg', 28),
	(869, 'truyen-tranh/20220911014551_025.jpg', 28),
	(870, 'truyen-tranh/20220911014551_026.jpg', 28),
	(871, 'truyen-tranh/20220911014824_002.jpg', 29),
	(872, 'truyen-tranh/20220911014824_003.jpg', 29),
	(873, 'truyen-tranh/20220911014824_004.jpg', 29),
	(874, 'truyen-tranh/20220911014824_005.jpg', 29),
	(875, 'truyen-tranh/20220911014824_006.jpg', 29),
	(876, 'truyen-tranh/20220911014824_008.jpg', 29),
	(877, 'truyen-tranh/20220911014824_007.jpg', 29),
	(878, 'truyen-tranh/20220911014824_009.jpg', 29),
	(879, 'truyen-tranh/20220911014824_010.jpg', 29),
	(880, 'truyen-tranh/20220911014824_011.jpg', 29),
	(881, 'truyen-tranh/20220911014824_012.jpg', 29),
	(882, 'truyen-tranh/20220911014824_013.jpg', 29),
	(883, 'truyen-tranh/20220911014824_014.jpg', 29),
	(884, 'truyen-tranh/20220911014824_015.jpg', 29),
	(885, 'truyen-tranh/20220911014824_016.jpg', 29),
	(886, 'truyen-tranh/20220911014824_017.jpg', 29),
	(887, 'truyen-tranh/20220911014824_018.jpg', 29),
	(888, 'truyen-tranh/20220911014824_019.jpg', 29),
	(889, 'truyen-tranh/20220911014824_021.jpg', 29),
	(890, 'truyen-tranh/20220911014824_022.jpg', 29),
	(891, 'truyen-tranh/20220911014824_020.jpg', 29),
	(892, 'truyen-tranh/20220911014824_023.jpg', 29),
	(893, 'truyen-tranh/20220911014824_024.jpg', 29),
	(894, 'truyen-tranh/20220911014824_026.jpg', 29),
	(895, 'truyen-tranh/20220911014824_025.jpg', 29),
	(896, 'truyen-tranh/20220911014825_027.jpg', 29),
	(897, 'truyen-tranh/20220911014825_028.jpg', 29),
	(898, 'truyen-tranh/20220911014825_029.jpg', 29),
	(899, 'truyen-tranh/20220911014825_030.jpg', 29),
	(900, 'truyen-tranh/20220911014825_032.jpg', 29),
	(901, 'truyen-tranh/20220911014825_031.jpg', 29),
	(902, 'truyen-tranh/20220911014825_033.jpg', 29),
	(903, 'truyen-tranh/20220911014825_034.jpg', 29),
	(904, 'truyen-tranh/20220911014825_035.jpg', 29),
	(905, 'truyen-tranh/20220911014825_036.jpg', 29),
	(906, 'truyen-tranh/20220911014833_001.jpg', 30),
	(907, 'truyen-tranh/20220911014833_002.jpg', 30),
	(908, 'truyen-tranh/20220911014833_003.jpg', 30),
	(909, 'truyen-tranh/20220911014833_004.jpg', 30),
	(910, 'truyen-tranh/20220911014833_005.jpg', 30),
	(911, 'truyen-tranh/20220911014833_006.jpg', 30),
	(912, 'truyen-tranh/20220911014833_007.jpg', 30),
	(913, 'truyen-tranh/20220911014834_008.jpg', 30),
	(914, 'truyen-tranh/20220911014834_009.jpg', 30),
	(915, 'truyen-tranh/20220911014834_010.jpg', 30),
	(916, 'truyen-tranh/20220911014834_011.jpg', 30),
	(917, 'truyen-tranh/20220911014834_012.jpg', 30),
	(918, 'truyen-tranh/20220911014834_013.jpg', 30),
	(919, 'truyen-tranh/20220911014834_014.jpg', 30),
	(920, 'truyen-tranh/20220911014834_015.jpg', 30),
	(921, 'truyen-tranh/20220911014834_016.jpg', 30),
	(922, 'truyen-tranh/20220911014834_017.jpg', 30),
	(923, 'truyen-tranh/20220911014834_018.jpg', 30),
	(924, 'truyen-tranh/20220911014834_019.jpg', 30),
	(925, 'truyen-tranh/20220911014834_020.jpg', 30),
	(926, 'truyen-tranh/20220911014834_021.jpg', 30),
	(927, 'truyen-tranh/20220911014834_022.jpg', 30),
	(928, 'truyen-tranh/20220911014834_023.jpg', 30),
	(929, 'truyen-tranh/20220911014834_024.jpg', 30),
	(930, 'truyen-tranh/20220911014834_025.jpg', 30),
	(931, 'truyen-tranh/20220911014834_026.jpg', 30),
	(932, 'truyen-tranh/20220911014834_027.jpg', 30),
	(933, 'truyen-tranh/20220911014845_001.jpg', 31),
	(934, 'truyen-tranh/20220911014845_002.jpg', 31),
	(935, 'truyen-tranh/20220911014845_003.jpg', 31),
	(936, 'truyen-tranh/20220911014845_004.jpg', 31),
	(937, 'truyen-tranh/20220911014845_005.jpg', 31),
	(938, 'truyen-tranh/20220911014845_006.jpg', 31),
	(939, 'truyen-tranh/20220911014845_007.jpg', 31),
	(940, 'truyen-tranh/20220911014845_008.jpg', 31),
	(941, 'truyen-tranh/20220911014845_010.jpg', 31),
	(942, 'truyen-tranh/20220911014845_009.jpg', 31),
	(943, 'truyen-tranh/20220911014845_011.jpg', 31),
	(944, 'truyen-tranh/20220911014845_013.jpg', 31),
	(945, 'truyen-tranh/20220911014845_012.jpg', 31),
	(946, 'truyen-tranh/20220911014845_014.jpg', 31),
	(947, 'truyen-tranh/20220911014845_015.jpg', 31),
	(948, 'truyen-tranh/20220911014845_016.jpg', 31),
	(949, 'truyen-tranh/20220911014859_002.jpg', 32),
	(950, 'truyen-tranh/20220911014859_003.jpg', 32),
	(951, 'truyen-tranh/20220911014859_004.jpg', 32),
	(952, 'truyen-tranh/20220911014859_005.jpg', 32),
	(953, 'truyen-tranh/20220911014859_006.jpg', 32),
	(954, 'truyen-tranh/20220911014859_008.jpg', 32),
	(955, 'truyen-tranh/20220911014859_007.jpg', 32),
	(956, 'truyen-tranh/20220911014859_009.jpg', 32),
	(957, 'truyen-tranh/20220911014859_010.jpg', 32),
	(958, 'truyen-tranh/20220911014859_011.jpg', 32),
	(959, 'truyen-tranh/20220911014859_012.jpg', 32),
	(960, 'truyen-tranh/20220911014859_013.jpg', 32),
	(961, 'truyen-tranh/20220911014859_014.jpg', 32),
	(962, 'truyen-tranh/20220911014859_015.jpg', 32),
	(963, 'truyen-tranh/20220911014859_017.jpg', 32),
	(964, 'truyen-tranh/20220911014859_016.jpg', 32),
	(965, 'truyen-tranh/20220911015110_002.jpg', 33),
	(966, 'truyen-tranh/20220911015110_003.jpg', 33),
	(967, 'truyen-tranh/20220911015110_004.jpg', 33),
	(968, 'truyen-tranh/20220911015110_005.jpg', 33),
	(969, 'truyen-tranh/20220911015110_006.jpg', 33),
	(970, 'truyen-tranh/20220911015110_007.jpg', 33),
	(971, 'truyen-tranh/20220911015110_008.jpg', 33),
	(972, 'truyen-tranh/20220911015110_009.jpg', 33),
	(973, 'truyen-tranh/20220911015110_010.jpg', 33),
	(974, 'truyen-tranh/20220911015110_011.jpg', 33),
	(975, 'truyen-tranh/20220911015110_012.jpg', 33),
	(976, 'truyen-tranh/20220911015110_014.jpg', 33),
	(977, 'truyen-tranh/20220911015110_013.jpg', 33),
	(978, 'truyen-tranh/20220911015110_015.jpg', 33),
	(979, 'truyen-tranh/20220911015110_016.jpg', 33),
	(980, 'truyen-tranh/20220911015110_017.jpg', 33),
	(981, 'truyen-tranh/20220911015110_018.jpg', 33),
	(982, 'truyen-tranh/20220911015110_019.jpg', 33),
	(983, 'truyen-tranh/20220911015110_020.jpg', 33),
	(984, 'truyen-tranh/20220911015110_021.jpg', 33),
	(985, 'truyen-tranh/20220911015110_022.jpg', 33),
	(986, 'truyen-tranh/20220911015110_023.jpg', 33),
	(987, 'truyen-tranh/20220911015111_024.jpg', 33),
	(988, 'truyen-tranh/20220911015111_025.jpg', 33),
	(989, 'truyen-tranh/20220911015111_026.jpg', 33),
	(990, 'truyen-tranh/20220911015111_027.jpg', 33),
	(991, 'truyen-tranh/20220911015111_029.jpg', 33),
	(992, 'truyen-tranh/20220911015111_028.jpg', 33),
	(993, 'truyen-tranh/20220911015111_030.jpg', 33),
	(994, 'truyen-tranh/20220911015111_031.jpg', 33),
	(995, 'truyen-tranh/20220911015111_032.jpg', 33),
	(996, 'truyen-tranh/20220911015111_033.jpg', 33),
	(997, 'truyen-tranh/20220911015111_034.jpg', 33),
	(998, 'truyen-tranh/20220911015111_035.jpg', 33),
	(999, 'truyen-tranh/20220911015111_036.jpg', 33),
	(1000, 'truyen-tranh/20220911015111_037.jpg', 33),
	(1001, 'truyen-tranh/20220911015111_038.jpg', 33),
	(1002, 'truyen-tranh/20220911015111_039.jpg', 33),
	(1003, 'truyen-tranh/20220911015111_040.jpg', 33),
	(1004, 'truyen-tranh/20220911015111_041.jpg', 33),
	(1005, 'truyen-tranh/20220911015120_002.jpg', 34),
	(1006, 'truyen-tranh/20220911015120_003.jpg', 34),
	(1007, 'truyen-tranh/20220911015120_004.jpg', 34),
	(1008, 'truyen-tranh/20220911015120_005.jpg', 34),
	(1009, 'truyen-tranh/20220911015120_006.jpg', 34),
	(1010, 'truyen-tranh/20220911015120_007.jpg', 34),
	(1011, 'truyen-tranh/20220911015120_008.jpg', 34),
	(1012, 'truyen-tranh/20220911015120_009.jpg', 34),
	(1013, 'truyen-tranh/20220911015120_010.jpg', 34),
	(1014, 'truyen-tranh/20220911015120_011.jpg', 34),
	(1015, 'truyen-tranh/20220911015120_012.jpg', 34),
	(1016, 'truyen-tranh/20220911015120_013.jpg', 34),
	(1017, 'truyen-tranh/20220911015120_014.jpg', 34),
	(1018, 'truyen-tranh/20220911015120_015.jpg', 34),
	(1019, 'truyen-tranh/20220911015120_016.jpg', 34),
	(1020, 'truyen-tranh/20220911015120_017.jpg', 34),
	(1021, 'truyen-tranh/20220911015120_018.jpg', 34),
	(1022, 'truyen-tranh/20220911015120_019.jpg', 34),
	(1023, 'truyen-tranh/20220911015120_020.jpg', 34),
	(1024, 'truyen-tranh/20220911015120_021.jpg', 34),
	(1025, 'truyen-tranh/20220911015120_023.jpg', 34),
	(1026, 'truyen-tranh/20220911015120_022.jpg', 34),
	(1027, 'truyen-tranh/20220911015120_024.jpg', 34),
	(1028, 'truyen-tranh/20220911015120_026.jpg', 34),
	(1029, 'truyen-tranh/20220911015120_025.jpg', 34),
	(1030, 'truyen-tranh/20220911015120_027.jpg', 34),
	(1031, 'truyen-tranh/20220911015120_028.jpg', 34),
	(1032, 'truyen-tranh/20220911015120_029.jpg', 34),
	(1033, 'truyen-tranh/20220911015120_030.jpg', 34),
	(1034, 'truyen-tranh/20220911015120_032.jpg', 34),
	(1035, 'truyen-tranh/20220911015120_031.jpg', 34),
	(1036, 'truyen-tranh/20220911015120_033.jpg', 34),
	(1037, 'truyen-tranh/20220911015120_034.jpg', 34),
	(1038, 'truyen-tranh/20220911015120_036.jpg', 34),
	(1039, 'truyen-tranh/20220911015120_035.jpg', 34),
	(1040, 'truyen-tranh/20220911015131_003.jpg', 35),
	(1041, 'truyen-tranh/20220911015131_004.jpg', 35),
	(1042, 'truyen-tranh/20220911015131_005.jpg', 35),
	(1043, 'truyen-tranh/20220911015131_006.jpg', 35),
	(1044, 'truyen-tranh/20220911015131_007.jpg', 35),
	(1045, 'truyen-tranh/20220911015131_008.jpg', 35),
	(1046, 'truyen-tranh/20220911015131_009.jpg', 35),
	(1047, 'truyen-tranh/20220911015131_010.jpg', 35),
	(1048, 'truyen-tranh/20220911015131_011.jpg', 35),
	(1049, 'truyen-tranh/20220911015131_012.jpg', 35),
	(1050, 'truyen-tranh/20220911015131_013.jpg', 35),
	(1051, 'truyen-tranh/20220911015131_015.jpg', 35),
	(1052, 'truyen-tranh/20220911015131_014.jpg', 35),
	(1053, 'truyen-tranh/20220911015131_016.jpg', 35),
	(1054, 'truyen-tranh/20220911015131_018.jpg', 35),
	(1055, 'truyen-tranh/20220911015131_017.jpg', 35),
	(1056, 'truyen-tranh/20220911015131_019.jpg', 35),
	(1057, 'truyen-tranh/20220911015131_020.jpg', 35),
	(1058, 'truyen-tranh/20220911015131_021.jpg', 35),
	(1059, 'truyen-tranh/20220911015131_022.jpg', 35),
	(1060, 'truyen-tranh/20220911015131_023.jpg', 35),
	(1061, 'truyen-tranh/20220911015131_024.jpg', 35),
	(1062, 'truyen-tranh/20220911015131_025.jpg', 35),
	(1063, 'truyen-tranh/20220911015131_026.jpg', 35),
	(1064, 'truyen-tranh/20220911015131_027.jpg', 35),
	(1065, 'truyen-tranh/20220911015131_028.jpg', 35),
	(1066, 'truyen-tranh/20220911015131_029.jpg', 35),
	(1067, 'truyen-tranh/20220911015142_004.jpg', 36),
	(1068, 'truyen-tranh/20220911015142_005.jpg', 36),
	(1069, 'truyen-tranh/20220911015142_006.jpg', 36),
	(1070, 'truyen-tranh/20220911015142_008.jpg', 36),
	(1071, 'truyen-tranh/20220911015142_007.jpg', 36),
	(1072, 'truyen-tranh/20220911015142_009.jpg', 36),
	(1073, 'truyen-tranh/20220911015142_010.jpg', 36),
	(1074, 'truyen-tranh/20220911015142_011.jpg', 36),
	(1075, 'truyen-tranh/20220911015142_012.jpg', 36),
	(1076, 'truyen-tranh/20220911015142_013.jpg', 36),
	(1077, 'truyen-tranh/20220911015142_014.jpg', 36),
	(1078, 'truyen-tranh/20220911015142_016.jpg', 36),
	(1079, 'truyen-tranh/20220911015142_015.jpg', 36),
	(1080, 'truyen-tranh/20220911015142_017.jpg', 36),
	(1081, 'truyen-tranh/20220911015142_019.jpg', 36),
	(1082, 'truyen-tranh/20220911015142_018.jpg', 36),
	(1083, 'truyen-tranh/20220911015142_020.jpg', 36),
	(1084, 'truyen-tranh/20220911015142_022.jpg', 36),
	(1085, 'truyen-tranh/20220911015142_021.jpg', 36),
	(1086, 'truyen-tranh/20220911015348_002.jpg', 37),
	(1087, 'truyen-tranh/20220911015348_003.jpg', 37),
	(1088, 'truyen-tranh/20220911015348_005.jpg', 37),
	(1089, 'truyen-tranh/20220911015348_004.jpg', 37),
	(1090, 'truyen-tranh/20220911015348_006.jpg', 37),
	(1091, 'truyen-tranh/20220911015348_008.jpg', 37),
	(1092, 'truyen-tranh/20220911015348_007.jpg', 37),
	(1093, 'truyen-tranh/20220911015348_009.jpg', 37),
	(1094, 'truyen-tranh/20220911015348_010.jpg', 37),
	(1095, 'truyen-tranh/20220911015348_011.jpg', 37),
	(1096, 'truyen-tranh/20220911015348_012.jpg', 37),
	(1097, 'truyen-tranh/20220911015348_013.jpg', 37),
	(1098, 'truyen-tranh/20220911015348_014.jpg', 37),
	(1099, 'truyen-tranh/20220911015348_015.jpg', 37),
	(1100, 'truyen-tranh/20220911015348_016.jpg', 37),
	(1101, 'truyen-tranh/20220911015348_017.jpg', 37),
	(1102, 'truyen-tranh/20220911015348_018.jpg', 37),
	(1103, 'truyen-tranh/20220911015348_020.jpg', 37),
	(1104, 'truyen-tranh/20220911015348_019.jpg', 37),
	(1105, 'truyen-tranh/20220911015348_021.jpg', 37),
	(1106, 'truyen-tranh/20220911015348_022.jpg', 37),
	(1107, 'truyen-tranh/20220911015348_023.jpg', 37),
	(1108, 'truyen-tranh/20220911015348_024.jpg', 37),
	(1109, 'truyen-tranh/20220911015348_025.jpg', 37),
	(1110, 'truyen-tranh/20220911015348_026.jpg', 37),
	(1111, 'truyen-tranh/20220911015348_027.jpg', 37),
	(1112, 'truyen-tranh/20220911015348_028.jpg', 37),
	(1113, 'truyen-tranh/20220911015348_029.jpg', 37),
	(1114, 'truyen-tranh/20220911015348_030.jpg', 37),
	(1115, 'truyen-tranh/20220911015408_001.jpg', 38),
	(1116, 'truyen-tranh/20220911015408_002.jpg', 38),
	(1117, 'truyen-tranh/20220911015408_004.jpg', 38),
	(1118, 'truyen-tranh/20220911015408_003.jpg', 38),
	(1119, 'truyen-tranh/20220911015408_005.jpg', 38),
	(1120, 'truyen-tranh/20220911015408_007.jpg', 38),
	(1121, 'truyen-tranh/20220911015408_006.jpg', 38),
	(1122, 'truyen-tranh/20220911015408_008.jpg', 38),
	(1123, 'truyen-tranh/20220911015408_010.jpg', 38),
	(1124, 'truyen-tranh/20220911015408_009.jpg', 38),
	(1125, 'truyen-tranh/20220911015408_011.jpg', 38),
	(1126, 'truyen-tranh/20220911015408_012.jpg', 38),
	(1127, 'truyen-tranh/20220911015408_014.jpg', 38),
	(1128, 'truyen-tranh/20220911015408_013.jpg', 38),
	(1129, 'truyen-tranh/20220911015408_016.jpg', 38),
	(1130, 'truyen-tranh/20220911015408_015.jpg', 38),
	(1131, 'truyen-tranh/20220911015408_017.jpg', 38),
	(1132, 'truyen-tranh/20220911015408_018.jpg', 38),
	(1133, 'truyen-tranh/20220911015408_019.jpg', 38),
	(1134, 'truyen-tranh/20220911015408_020.jpg', 38),
	(1135, 'truyen-tranh/20220911015408_022.jpg', 38),
	(1136, 'truyen-tranh/20220911015408_021.jpg', 38),
	(1137, 'truyen-tranh/20220911015408_023.jpg', 38),
	(1138, 'truyen-tranh/20220911015420_001.jpg', 39),
	(1139, 'truyen-tranh/20220911015420_002.jpg', 39),
	(1140, 'truyen-tranh/20220911015420_004.jpg', 39),
	(1141, 'truyen-tranh/20220911015420_003.jpg', 39),
	(1142, 'truyen-tranh/20220911015420_005.jpg', 39),
	(1143, 'truyen-tranh/20220911015420_006.jpg', 39),
	(1144, 'truyen-tranh/20220911015420_008.jpg', 39),
	(1145, 'truyen-tranh/20220911015420_007.jpg', 39),
	(1146, 'truyen-tranh/20220911015420_009.jpg', 39),
	(1147, 'truyen-tranh/20220911015420_010.jpg', 39),
	(1148, 'truyen-tranh/20220911015420_011.jpg', 39),
	(1149, 'truyen-tranh/20220911015420_013.jpg', 39),
	(1150, 'truyen-tranh/20220911015420_012.jpg', 39),
	(1151, 'truyen-tranh/20220911015420_014.jpg', 39),
	(1152, 'truyen-tranh/20220911015420_015.jpg', 39),
	(1153, 'truyen-tranh/20220911015420_016.jpg', 39),
	(1154, 'truyen-tranh/20220911015420_017.jpg', 39),
	(1155, 'truyen-tranh/20220911015420_018.jpg', 39),
	(1156, 'truyen-tranh/20220911015420_019.jpg', 39),
	(1157, 'truyen-tranh/20220911015420_020.jpg', 39),
	(1158, 'truyen-tranh/20220911015420_022.jpg', 39),
	(1159, 'truyen-tranh/20220911015420_021.jpg', 39),
	(1160, 'truyen-tranh/20220911015432_001.jpg', 40),
	(1161, 'truyen-tranh/20220911015432_002.jpg', 40),
	(1162, 'truyen-tranh/20220911015432_003.jpg', 40),
	(1163, 'truyen-tranh/20220911015432_004.jpg', 40),
	(1164, 'truyen-tranh/20220911015432_005.jpg', 40),
	(1165, 'truyen-tranh/20220911015432_007.jpg', 40),
	(1166, 'truyen-tranh/20220911015432_006.jpg', 40),
	(1167, 'truyen-tranh/20220911015432_008.jpg', 40),
	(1168, 'truyen-tranh/20220911015432_009.jpg', 40),
	(1169, 'truyen-tranh/20220911015432_010.jpg', 40),
	(1170, 'truyen-tranh/20220911015432_011.jpg', 40),
	(1171, 'truyen-tranh/20220911015432_013.jpg', 40),
	(1172, 'truyen-tranh/20220911015432_012.jpg', 40),
	(1173, 'truyen-tranh/20220911015432_014.jpg', 40),
	(1174, 'truyen-tranh/20220911015432_016.jpg', 40),
	(1175, 'truyen-tranh/20220911015432_015.jpg', 40),
	(1176, 'truyen-tranh/20220911015432_017.jpg', 40),
	(1177, 'truyen-tranh/20220911015432_018.jpg', 40),
	(1178, 'truyen-tranh/20220911015432_019.jpg', 40);

-- Dumping structure for table heroku_9545e73caaf405a.tai_khoan
CREATE TABLE IF NOT EXISTS `tai_khoan` (
  `tai_khoan_id` int(11) NOT NULL AUTO_INCREMENT,
  `ten_hien_thi` varchar(50) COLLATE utf8_unicode_ci NOT NULL DEFAULT '',
  `ten_tai_khoan` varchar(50) COLLATE utf8_unicode_ci NOT NULL,
  `mat_khau` varchar(50) COLLATE utf8_unicode_ci NOT NULL,
  `phan_quyen` tinyint(4) NOT NULL COMMENT '#1: admin, #2: mod, #3: user',
  `trang_thai` tinyint(4) NOT NULL COMMENT '#1: kích hoạt, #2: khóa',
  PRIMARY KEY (`tai_khoan_id`)
) ENGINE=InnoDB AUTO_INCREMENT=11 DEFAULT CHARSET=utf8 COLLATE=utf8_unicode_ci;

-- Dumping data for table heroku_9545e73caaf405a.tai_khoan: ~3 rows (approximately)
DELETE FROM `tai_khoan`;
INSERT INTO `tai_khoan` (`tai_khoan_id`, `ten_hien_thi`, `ten_tai_khoan`, `mat_khau`, `phan_quyen`, `trang_thai`) VALUES
	(8, 'admin', 'admin', 'e10adc3949ba59abbe56e057f20f883e', 2, 1),
	(9, 'user1', 'user1', 'e10adc3949ba59abbe56e057f20f883e', 2, 1),
	(10, 'user2', 'user2', 'e10adc3949ba59abbe56e057f20f883e', 2, 1);

-- Dumping structure for table heroku_9545e73caaf405a.the_loai
CREATE TABLE IF NOT EXISTS `the_loai` (
  `the_loai_id` int(11) NOT NULL AUTO_INCREMENT,
  `the_loai_ten` varchar(50) COLLATE utf8_unicode_ci NOT NULL,
  `the_loai_mo_ta` mediumtext COLLATE utf8_unicode_ci NOT NULL,
  PRIMARY KEY (`the_loai_id`)
) ENGINE=InnoDB AUTO_INCREMENT=11 DEFAULT CHARSET=utf8 COLLATE=utf8_unicode_ci;

-- Dumping data for table heroku_9545e73caaf405a.the_loai: ~9 rows (approximately)
DELETE FROM `the_loai`;
INSERT INTO `the_loai` (`the_loai_id`, `the_loai_ten`, `the_loai_mo_ta`) VALUES
	(1, 'Hành Động', '<p>Đang cập nhật</p>\r\n'),
	(2, 'Fantasy', '<p>Đang cập nhật</p>\r\n'),
	(3, 'Phiêu Lưu', '<p>Đang cập nhật</p>\r\n'),
	(4, 'Viễn Tưởng', '<p>Đang cập nhật</p>\r\n'),
	(6, 'Kiếm Thuật', '<p>Đang cập nhật</p>\r\n'),
	(7, 'Siêu Anh Hùng', '<p>Đang cập nhật</p>\r\n'),
	(8, 'Isekai', '<p>Đang cập nhật</p>\r\n'),
	(9, 'Hài Hước', '<p>Đang cập nhật</p>\r\n\r\n<p>&nbsp;</p>\r\n'),
	(10, 'Hình Sự', '<p>Đang cập nhật</p>\r\n');

-- Dumping structure for table heroku_9545e73caaf405a.truyen
CREATE TABLE IF NOT EXISTS `truyen` (
  `truyen_id` int(11) NOT NULL AUTO_INCREMENT,
  `truyen_ma` varchar(50) COLLATE utf8_unicode_ci NOT NULL,
  `truyen_ten` mediumtext COLLATE utf8_unicode_ci NOT NULL,
  `truyen_tac_gia` varchar(50) COLLATE utf8_unicode_ci NOT NULL,
  `truyen_mo_ta` mediumtext COLLATE utf8_unicode_ci NOT NULL,
  `truyen_anh_dai_dien` varchar(50) COLLATE utf8_unicode_ci NOT NULL,
  `truyen_tinh_trang` tinyint(4) DEFAULT NULL COMMENT '#1: Đang cập nhật, #2: Đã hoàn thành, #3: Tạm ngừng',
  `truyen_luot_xem` int(11) NOT NULL,
  `truyen_ngay_dang` datetime NOT NULL DEFAULT current_timestamp(),
  `truyen_trang_thai` tinyint(4) NOT NULL COMMENT '#1: Hiện, #2: Ẩn',
  PRIMARY KEY (`truyen_id`)
) ENGINE=InnoDB AUTO_INCREMENT=13 DEFAULT CHARSET=utf8 COLLATE=utf8_unicode_ci;

-- Dumping data for table heroku_9545e73caaf405a.truyen: ~7 rows (approximately)
DELETE FROM `truyen`;
INSERT INTO `truyen` (`truyen_id`, `truyen_ma`, `truyen_ten`, `truyen_tac_gia`, `truyen_mo_ta`, `truyen_anh_dai_dien`, `truyen_tinh_trang`, `truyen_luot_xem`, `truyen_ngay_dang`, `truyen_trang_thai`) VALUES
	(4, 'YAIBA', 'KIMETSU NO YAIBA', ' Gotouge Koyoharu', '<p>Tanjiro l&agrave; con cả trong một gia đ&igrave;nh kh&ocirc;ng c&ograve;n người cha. Một h&ocirc;m, Tanjiro đi b&aacute;n than ở một ng&ocirc;i l&agrave;ng nọ v&agrave; phải ở lại đ&oacute; qua đ&ecirc;m v&igrave; c&oacute; tin đồn rằng, về đ&ecirc;m, lu&ocirc;n c&oacute; một con quỷ lởn vởn ở ngọn n&uacute;i gần đ&oacute;. Khi Tanjiro đi về nh&agrave; v&agrave;o ng&agrave;y h&ocirc;m sau, bi kịch đang chờ đ&oacute;n cậu.</p>\r\n', 'truyen-tranh/20220911013647_001.jpg', 2, 10, '2022-09-10 08:15:37', 1),
	(5, 'ONEPUNCH-MAN', 'One Punch Man', 'ONE - Murata Yuusuke', '<p>Onepunch-Man l&agrave; một Manga thể loại si&ecirc;u anh h&ugrave;ng với đặc trưng phồng t&ocirc;m đấm ph&aacute;t chết lu&ocirc;n&hellip; Lol!!! Nh&acirc;n vật ch&iacute;nh trong Onepunch-man l&agrave; Saitama, một con người m&agrave; nh&igrave;n đ&acirc;u cũng thấy &ldquo;tầm thường&rdquo;, từ khu&ocirc;n mặt v&ocirc; hồn, c&aacute;i đầu trọc l&oacute;c, cho tới thể h&igrave;nh long tong. Tuy nhi&ecirc;n, con người nh&igrave;n th&igrave; tầm thường n&agrave;y lại chuy&ecirc;n giải quyết những vấn đề hết sức bất thường. Anh thực chất ch&iacute;nh l&agrave; một si&ecirc;u anh h&ugrave;ng lu&ocirc;n t&igrave;m kiếm cho m&igrave;nh một đối thủ mạnh. Vấn đề l&agrave;, cứ mỗi lần bắt gặp một đối thủ tiềm năng, th&igrave; đối thủ n&agrave;o cũng như đối thủ n&agrave;o, chỉ ăn một đấm của anh l&agrave;&hellip; chết lu&ocirc;n. Liệu rằng Onepunch-Man Saitaman c&oacute; thể t&igrave;m được cho m&igrave;nh một kẻ &aacute;c dữ dằn đủ sức đấu với anh? H&atilde;y theo bước Saitama tr&ecirc;n con đường một đấm t&igrave;m đối cực kỳ h&agrave;i hước của anh!!</p>\r\n', 'truyen-tranh/20220911013922_001.jpg', 2, 28, '2022-09-10 08:15:37', 1),
	(6, 'SPY X FAMILY', 'SPY X FAMILY', 'Endou Tatsuya', '<p>Anh điệp vi&ecirc;n lấy vợ s&aacute;t thủ v&agrave; c&oacute; con si&ecirc;u năng.</p>\r\n', 'truyen-tranh/20220911014140_001.jpg', 2, 63, '2022-09-10 08:15:37', 1),
	(7, 'TENSEI SHITARA SLIME DATTA KEN', 'TENSEI SHITARA SLIME DATTA KEN', 'Kawakami Taiki, Fuse', '<p>Một manga kh&aacute;c chuyển thể từ light novel đang hot ở nhật. Một anh ch&agrave;ng bị t&ecirc;n cướp đ&acirc;m chết khi đang gặp vợ chưa cưới của đồng nghiệp. Khi đang thoi th&oacute;p trước khi chết, người đầy m&aacute;u, anh ta nghe được một tiếng n&oacute;i kỳ lạ. Giọng n&oacute;i ấy chuyển thể sự tiếc nuối của anh ch&agrave;ng v&igrave; vẫn c&ograve;n t&acirc;n trước khi đi v&agrave; ban cho anh ta chi&ecirc;u thức đặc biệt [ti&ecirc;n nh&acirc;n vĩ đại]. Liệu đ&acirc;y c&oacute; phải l&agrave; tr&ograve; đ&ugrave;a?</p>\r\n', 'truyen-tranh/20220911014343_001.jpg', 2, 49, '2022-09-10 08:15:37', 1),
	(8, 'THÁM TỬ LỪNG DANH CONAN', 'Detective Conan', 'Gosho Aoyama', '<p>Mở đầu c&acirc;u truyện, cậu học sinh trung học 16 tuổi Shinichi Kudo bị biến th&agrave;nh cậu b&eacute; Conan Edogawa. Shinichi trong phần đầu của Th&aacute;m tử lừng danh Conan được mi&ecirc;u tả l&agrave; một th&aacute;m tử học đường. Trong một lần đi chơi c&ocirc;ng vi&ecirc;n &quot;Miền Nhiệt đới&quot; với c&ocirc; bạn từ thuở nhỏ (cũng l&agrave; bạn g&aacute;i) Ran Mori , cậu bị d&iacute;nh v&agrave;o vụ &aacute;n một h&agrave;nh kh&aacute;ch tr&ecirc;n Chuyến t&agrave;u tốc h&agrave;nh trong c&ocirc;ng vi&ecirc;n, Kishida , bị giết trong một vụ &aacute;n cắt đầu r&ugrave;ng rợn. Cậu đ&atilde; l&agrave;m s&aacute;ng tỏ vụ &aacute;n v&agrave; tr&ecirc;n đường về nh&agrave;, chứng kiến một vụ l&agrave;m ăn mờ &aacute;m của những người đ&agrave;n &ocirc;ng mặc to&agrave;n đồ đen. Kudo bị ph&aacute;t hiện, bị đ&aacute;nh ngất sau đ&oacute; những người đ&agrave;n &ocirc;ng &aacute;o đen đ&atilde; cho cậu uống một thứ thuốc độc chưa qua thử nghiệm l&agrave; Apotoxin-4869 (APTX4869) với mục đ&iacute;ch thủ ti&ecirc;u cậu. Tuy nhi&ecirc;n chất độc đ&atilde; kh&ocirc;ng giết chết Kudo. Khi tỉnh lại, cậu b&agrave;ng ho&agrave;ng nhận thấy th&acirc;n thể m&igrave;nh đ&atilde; bị teo nhỏ trong h&igrave;nh dạng của một cậu học sinh tiểu học....</p>\r\n', 'truyen-tranh/20220911014656_001.jpg', 1, 53, '2022-09-10 08:15:37', 1),
	(9, 'TOKYO卍REVENGERS', 'TOKYO卍REVENGERS', 'Wakui Ken', '<p>Takemichi, thanh ni&ecirc;n thất nghiệp c&ograve;n trinh, được biết rằng người con g&aacute;i đầu ti&ecirc;n v&agrave; cũng l&agrave; duy nhất cho đến b&acirc;y giờ m&agrave; anh hẹn h&ograve; từ trung học đ&atilde; chết. Sau một vụ tai nạn, anh ta thấy m&igrave;nh được quay về những ng&agrave;y cấp hai. Anh ta thề sẽ thay đổi tương lai v&agrave; giữ lấy người con g&aacute;i ấy, để l&agrave;m việc đ&oacute;, anh ta quyết định sẽ vươn l&ecirc;n l&agrave;m tr&ugrave;m băng đảng kh&eacute;t tiếng nhất ở v&ugrave;ng Kantou. Live-Action Movie c&ocirc;ng chiếu ng&agrave;y 09/10/2020. Anime l&ecirc;n s&oacute;ng năm 2021!!</p>\r\n', 'truyen-tranh/20220911015001_001.jpg', 1, 150, '2022-09-10 08:15:37', 1),
	(10, 'ONE PIECE', 'One Piece', 'Oda', '<p>One Piece l&agrave; c&acirc;u truyện kể về Luffy v&agrave; c&aacute;c thuyền vi&ecirc;n của m&igrave;nh. Khi c&ograve;n nhỏ, Luffy ước mơ trở th&agrave;nh Vua Hải Tặc. Cuộc sống của cậu b&eacute; thay đổi khi cậu v&ocirc; t&igrave;nh c&oacute; được sức mạnh c&oacute; thể co d&atilde;n như cao su, nhưng đổi lại, cậu kh&ocirc;ng bao giờ c&oacute; thể bơi được nữa. Giờ đ&acirc;y, Luffy c&ugrave;ng những người bạn hải tặc của m&igrave;nh ra khơi t&igrave;m kiếm kho b&aacute;u One Piece, kho b&aacute;u vĩ đại nhất tr&ecirc;n thế giới. Trong One Piece, mỗi nh&acirc;n vật trong đều mang một n&eacute;t c&aacute; t&iacute;nh đặc sắc kết hợp c&ugrave;ng c&aacute;c t&igrave;nh huống kịch t&iacute;nh, lối dẫn truyện hấp dẫn chứa đầy c&aacute;c bước ngoặt bất ngờ v&agrave; cũng v&ocirc; c&ugrave;ng h&agrave;i hước đ&atilde; biến One Piece trở th&agrave;nh một trong những bộ truyện nổi tiếng nhất kh&ocirc;ng thể bỏ qua.<br />\r\nH&atilde;y đọc One Piece để h&ograve;a m&igrave;nh v&agrave;o một thế giới của những hải tặc rộng lớn, đầy m&agrave;u sắc, sống động v&agrave; th&uacute; vị, c&ugrave;ng đắm ch&igrave;m với những nh&acirc;n vật y&ecirc;u tự do, tr&ecirc;n h&agrave;nh tr&igrave;nh đi t&igrave;m ước mơ của m&igrave;nh.</p>\r\n', 'truyen-tranh/20220911015222_001.jpg', 1, 555, '2022-09-10 08:15:37', 1);

-- Dumping structure for table heroku_9545e73caaf405a.truyen_the_loai
CREATE TABLE IF NOT EXISTS `truyen_the_loai` (
  `truyen_the_loai_id` int(11) NOT NULL AUTO_INCREMENT,
  `truyen_id` int(11) NOT NULL,
  `the_loai_id` int(11) NOT NULL,
  PRIMARY KEY (`truyen_the_loai_id`),
  KEY `FK_truyen_truyen-the-loai` (`truyen_id`),
  KEY `FK_the-loai_truyen-the-loai` (`the_loai_id`),
  CONSTRAINT `FK_the-loai_truyen-the-loai` FOREIGN KEY (`the_loai_id`) REFERENCES `the_loai` (`the_loai_id`) ON DELETE CASCADE ON UPDATE CASCADE,
  CONSTRAINT `FK_truyen_truyen-the-loai` FOREIGN KEY (`truyen_id`) REFERENCES `truyen` (`truyen_id`) ON DELETE CASCADE ON UPDATE CASCADE
) ENGINE=InnoDB AUTO_INCREMENT=26 DEFAULT CHARSET=utf8 COLLATE=utf8_unicode_ci;

-- Dumping data for table heroku_9545e73caaf405a.truyen_the_loai: ~19 rows (approximately)
DELETE FROM `truyen_the_loai`;
INSERT INTO `truyen_the_loai` (`truyen_the_loai_id`, `truyen_id`, `the_loai_id`) VALUES
	(6, 4, 3),
	(7, 4, 6),
	(8, 5, 1),
	(9, 5, 7),
	(10, 6, 1),
	(11, 6, 4),
	(12, 6, 9),
	(13, 7, 2),
	(14, 7, 3),
	(15, 7, 8),
	(16, 8, 1),
	(17, 8, 3),
	(18, 8, 10),
	(19, 9, 1),
	(20, 9, 4),
	(21, 10, 1),
	(22, 10, 3),
	(23, 10, 4),
	(24, 10, 9);

-- Dumping structure for table heroku_9545e73caaf405a.tuong_tac
CREATE TABLE IF NOT EXISTS `tuong_tac` (
  `tuong_tac_id` int(11) NOT NULL AUTO_INCREMENT,
  `tuong_tac_noi_dung` mediumint(9) DEFAULT NULL,
  `tuong_tac_loai` tinyint(4) NOT NULL COMMENT '#1: đã xem, #2: thích, #3: theo dõi, #4: bình luận',
  `chapter_id` int(11) NOT NULL,
  `tai_khoan_id` int(11) NOT NULL,
  PRIMARY KEY (`tuong_tac_id`) USING BTREE,
  KEY `FK_tai-khoan_tuong-tac` (`tai_khoan_id`),
  KEY `FK_chapter_tuong-tac` (`chapter_id`) USING BTREE,
  CONSTRAINT `FK_chapter_tuong-tac` FOREIGN KEY (`chapter_id`) REFERENCES `chapter` (`chapter_id`) ON DELETE CASCADE ON UPDATE CASCADE,
  CONSTRAINT `FK_tai-khoan_tuong-tac` FOREIGN KEY (`tai_khoan_id`) REFERENCES `tai_khoan` (`tai_khoan_id`) ON DELETE CASCADE ON UPDATE CASCADE
) ENGINE=InnoDB AUTO_INCREMENT=254 DEFAULT CHARSET=utf8 COLLATE=utf8_unicode_ci;

-- Dumping data for table heroku_9545e73caaf405a.tuong_tac: ~8 rows (approximately)
DELETE FROM `tuong_tac`;
INSERT INTO `tuong_tac` (`tuong_tac_id`, `tuong_tac_noi_dung`, `tuong_tac_loai`, `chapter_id`, `tai_khoan_id`) VALUES
	(163, NULL, 1, 40, 9),
	(164, NULL, 1, 40, 9),
	(248, NULL, 3, 40, 9),
	(249, NULL, 2, 40, 9),
	(250, NULL, 1, 38, 10),
	(251, NULL, 2, 40, 10),
	(252, NULL, 3, 40, 10),
	(253, NULL, 1, 36, 10);

/*!40103 SET TIME_ZONE=IFNULL(@OLD_TIME_ZONE, 'system') */;
/*!40101 SET SQL_MODE=IFNULL(@OLD_SQL_MODE, '') */;
/*!40014 SET FOREIGN_KEY_CHECKS=IFNULL(@OLD_FOREIGN_KEY_CHECKS, 1) */;
/*!40101 SET CHARACTER_SET_CLIENT=@OLD_CHARACTER_SET_CLIENT */;
/*!40111 SET SQL_NOTES=IFNULL(@OLD_SQL_NOTES, 1) */;
