-- --------------------------------------------------------
-- Host:                         127.0.0.1
-- Server version:               10.4.25-MariaDB - mariadb.org binary distribution
-- Server OS:                    Win64
-- HeidiSQL Version:             12.1.0.6537
-- --------------------------------------------------------

/*!40101 SET @OLD_CHARACTER_SET_CLIENT=@@CHARACTER_SET_CLIENT */;
/*!40101 SET NAMES utf8 */;
/*!50503 SET NAMES utf8mb4 */;
/*!40103 SET @OLD_TIME_ZONE=@@TIME_ZONE */;
/*!40103 SET TIME_ZONE='+00:00' */;
/*!40014 SET @OLD_FOREIGN_KEY_CHECKS=@@FOREIGN_KEY_CHECKS, FOREIGN_KEY_CHECKS=0 */;
/*!40101 SET @OLD_SQL_MODE=@@SQL_MODE, SQL_MODE='NO_AUTO_VALUE_ON_ZERO' */;
/*!40111 SET @OLD_SQL_NOTES=@@SQL_NOTES, SQL_NOTES=0 */;


-- Dumping database structure for heroku_9545e73caaf405a
CREATE DATABASE IF NOT EXISTS `heroku_9545e73caaf405a` /*!40100 DEFAULT CHARACTER SET utf8 COLLATE utf8_unicode_ci */;
USE `heroku_9545e73caaf405a`;

-- Dumping structure for table heroku_9545e73caaf405a.chapter
CREATE TABLE IF NOT EXISTS `chapter` (
  `chapter_id` int(11) NOT NULL AUTO_INCREMENT,
  `chapter_so` int(10) unsigned NOT NULL,
  `chapter_ten` mediumtext COLLATE utf8_unicode_ci NOT NULL,
  `chapter_ngay_cap_nhat` datetime NOT NULL DEFAULT current_timestamp(),
  `chapter_trang_thai` tinyint(4) NOT NULL COMMENT '#1: Hiện, #2: Ẩn',
  `chapter_moi` tinytext COLLATE utf8_unicode_ci DEFAULT 1 COMMENT '#1: Mới cập nhật, #2: Chapter cũ',
  `truyen_id` int(11) NOT NULL,
  PRIMARY KEY (`chapter_id`),
  KEY `FK_truyen_chapter` (`truyen_id`),
  CONSTRAINT `FK_truyen_chapter` FOREIGN KEY (`truyen_id`) REFERENCES `truyen` (`truyen_id`) ON DELETE CASCADE ON UPDATE CASCADE
) ENGINE=InnoDB AUTO_INCREMENT=72 DEFAULT CHARSET=utf8 COLLATE=utf8_unicode_ci;

-- Dumping data for table heroku_9545e73caaf405a.chapter: ~24 rows (approximately)
INSERT INTO `chapter` (`chapter_id`, `chapter_so`, `chapter_ten`, `chapter_ngay_cap_nhat`, `chapter_trang_thai`, `chapter_moi`, `truyen_id`) VALUES
	(48, 1, 'chapter 1', '2022-10-08 01:21:56', 1, '0', 15),
	(49, 2, 'chapter 2', '2022-10-08 01:22:03', 1, '0', 15),
	(50, 3, 'chapter 3', '2022-10-08 01:22:08', 1, '0', 15),
	(51, 4, 'chapter 4', '2022-10-08 01:26:28', 1, '1', 15),
	(52, 1, 'chapter 1', '2022-10-08 01:32:48', 1, '0', 16),
	(53, 2, 'chapter 2', '2022-10-08 01:32:55', 1, '0', 16),
	(54, 3, 'chapter 3', '2022-10-08 01:33:00', 1, '1', 16),
	(55, 1, 'chapter 1', '2022-10-08 01:38:13', 1, '0', 17),
	(56, 2, 'chapter 2', '2022-10-08 01:38:18', 1, '0', 17),
	(57, 3, 'chapter 3', '2022-10-08 01:38:23', 1, '1', 17),
	(58, 1, 'chapter 1', '2022-10-08 01:44:53', 1, '0', 18),
	(59, 2, 'chapter 2', '2022-10-08 01:44:57', 1, '0', 18),
	(60, 3, 'chapter 3', '2022-10-08 01:45:01', 1, '1', 18),
	(61, 1, 'chapter 1', '2022-10-08 01:49:34', 1, '0', 19),
	(62, 2, 'chapter 2', '2022-10-08 01:49:38', 1, '0', 19),
	(63, 3, 'chapter 3', '2022-10-08 01:49:45', 1, '1', 19),
	(64, 1, 'chapter 1', '2022-10-08 01:53:00', 1, '0', 20),
	(65, 2, 'chapter 2', '2022-10-08 01:54:40', 1, '0', 20),
	(66, 3, 'chapter 3', '2022-10-08 01:54:45', 1, '1', 20),
	(67, 1, 'chapter 1', '2022-10-08 02:16:15', 1, '0', 21),
	(68, 2, 'chapter 2', '2022-10-08 02:16:19', 1, '0', 21),
	(69, 3, 'chapter 3', '2022-10-08 02:16:22', 1, '1', 21),
	(70, 1, 'chapter', '2022-10-09 12:08:36', 1, '0', 22),
	(71, 2, 'chapter 2', '2022-10-09 12:10:55', 1, '1', 22);

-- Dumping structure for table heroku_9545e73caaf405a.chapter_noi_dung
CREATE TABLE IF NOT EXISTS `chapter_noi_dung` (
  `chapter_noi_dung_id` int(11) NOT NULL AUTO_INCREMENT,
  `chapter_noi_dung` varchar(50) COLLATE utf8_unicode_ci NOT NULL COMMENT 'Lưu nội dung chap truyện hoặc hình ảnh của chap',
  `chapter_id` int(11) NOT NULL,
  PRIMARY KEY (`chapter_noi_dung_id`),
  KEY `FK_chapter_chapter-noi-dung` (`chapter_id`),
  CONSTRAINT `FK_chapter_chapter-noi-dung` FOREIGN KEY (`chapter_id`) REFERENCES `chapter` (`chapter_id`) ON DELETE CASCADE ON UPDATE CASCADE
) ENGINE=InnoDB AUTO_INCREMENT=1914 DEFAULT CHARSET=utf8 COLLATE=utf8_unicode_ci;

-- Dumping data for table heroku_9545e73caaf405a.chapter_noi_dung: ~629 rows (approximately)
INSERT INTO `chapter_noi_dung` (`chapter_noi_dung_id`, `chapter_noi_dung`, `chapter_id`) VALUES
	(1205, 'truyen-tranh/20221007202226_002.jpg', 48),
	(1206, 'truyen-tranh/20221007202226_003.jpg', 48),
	(1207, 'truyen-tranh/20221007202226_004.jpg', 48),
	(1208, 'truyen-tranh/20221007202226_005.jpg', 48),
	(1209, 'truyen-tranh/20221007202226_006.jpg', 48),
	(1210, 'truyen-tranh/20221007202226_007.jpg', 48),
	(1211, 'truyen-tranh/20221007202226_008.jpg', 48),
	(1212, 'truyen-tranh/20221007202226_009.jpg', 48),
	(1213, 'truyen-tranh/20221007202226_010.jpg', 48),
	(1214, 'truyen-tranh/20221007202226_011.jpg', 48),
	(1215, 'truyen-tranh/20221007202226_012.jpg', 48),
	(1216, 'truyen-tranh/20221007202226_013.jpg', 48),
	(1217, 'truyen-tranh/20221007202227_014.jpg', 48),
	(1218, 'truyen-tranh/20221007202227_015.jpg', 48),
	(1219, 'truyen-tranh/20221007202227_016.jpg', 48),
	(1220, 'truyen-tranh/20221007202227_017.jpg', 48),
	(1221, 'truyen-tranh/20221007202227_018.jpg', 48),
	(1222, 'truyen-tranh/20221007202227_019.jpg', 48),
	(1223, 'truyen-tranh/20221007202227_020.jpg', 48),
	(1224, 'truyen-tranh/20221007202227_021.jpg', 48),
	(1225, 'truyen-tranh/20221007202227_022.jpg', 48),
	(1226, 'truyen-tranh/20221007202227_023.jpg', 48),
	(1227, 'truyen-tranh/20221007202227_024.jpg', 48),
	(1228, 'truyen-tranh/20221007202227_025.jpg', 48),
	(1229, 'truyen-tranh/20221007202227_026.jpg', 48),
	(1230, 'truyen-tranh/20221007202227_027.jpg', 48),
	(1231, 'truyen-tranh/20221007202227_028.jpg', 48),
	(1232, 'truyen-tranh/20221007202227_029.jpg', 48),
	(1233, 'truyen-tranh/20221007202227_030.jpg', 48),
	(1234, 'truyen-tranh/20221007202227_031.jpg', 48),
	(1235, 'truyen-tranh/20221007202227_032.jpg', 48),
	(1236, 'truyen-tranh/20221007202227_033.jpg', 48),
	(1237, 'truyen-tranh/20221007202227_034.jpg', 48),
	(1238, 'truyen-tranh/20221007202227_035.jpg', 48),
	(1239, 'truyen-tranh/20221007202227_036.jpg', 48),
	(1240, 'truyen-tranh/20221007202227_037.jpg', 48),
	(1241, 'truyen-tranh/20221007202227_038.jpg', 48),
	(1242, 'truyen-tranh/20221007202227_039.jpg', 48),
	(1243, 'truyen-tranh/20221007202227_040.jpg', 48),
	(1244, 'truyen-tranh/20221007202227_041.jpg', 48),
	(1245, 'truyen-tranh/20221007202227_042.jpg', 48),
	(1246, 'truyen-tranh/20221007202227_043.jpg', 48),
	(1247, 'truyen-tranh/20221007202227_044.jpg', 48),
	(1248, 'truyen-tranh/20221007202227_045.jpg', 48),
	(1249, 'truyen-tranh/20221007202227_046.jpg', 48),
	(1250, 'truyen-tranh/20221007202227_047.jpg', 48),
	(1251, 'truyen-tranh/20221007202227_048.jpg', 48),
	(1252, 'truyen-tranh/20221007202227_049.jpg', 48),
	(1253, 'truyen-tranh/20221007202227_050.jpg', 48),
	(1254, 'truyen-tranh/20221007202227_051.jpg', 48),
	(1255, 'truyen-tranh/20221007202227_052.jpg', 48),
	(1256, 'truyen-tranh/20221007202227_053.jpg', 48),
	(1257, 'truyen-tranh/20221007202600_001.jpg', 49),
	(1258, 'truyen-tranh/20221007202600_002.jpg', 49),
	(1259, 'truyen-tranh/20221007202600_003.jpg', 49),
	(1260, 'truyen-tranh/20221007202600_004.jpg', 49),
	(1261, 'truyen-tranh/20221007202600_005.jpg', 49),
	(1262, 'truyen-tranh/20221007202600_006.jpg', 49),
	(1263, 'truyen-tranh/20221007202600_007.jpg', 49),
	(1264, 'truyen-tranh/20221007202600_008.jpg', 49),
	(1265, 'truyen-tranh/20221007202600_009.jpg', 49),
	(1266, 'truyen-tranh/20221007202600_010.jpg', 49),
	(1267, 'truyen-tranh/20221007202600_011.jpg', 49),
	(1268, 'truyen-tranh/20221007202600_012.jpg', 49),
	(1269, 'truyen-tranh/20221007202600_013.jpg', 49),
	(1270, 'truyen-tranh/20221007202600_014.jpg', 49),
	(1271, 'truyen-tranh/20221007202600_015.jpg', 49),
	(1272, 'truyen-tranh/20221007202600_016.jpg', 49),
	(1273, 'truyen-tranh/20221007202600_017.jpg', 49),
	(1274, 'truyen-tranh/20221007202600_018.jpg', 49),
	(1275, 'truyen-tranh/20221007202600_019.jpg', 49),
	(1276, 'truyen-tranh/20221007202600_020.jpg', 49),
	(1277, 'truyen-tranh/20221007202600_021.jpg', 49),
	(1278, 'truyen-tranh/20221007202600_022.jpg', 49),
	(1279, 'truyen-tranh/20221007202600_023.jpg', 49),
	(1280, '', 49),
	(1281, 'truyen-tranh/20221007202616_002.jpg', 50),
	(1282, 'truyen-tranh/20221007202616_001.jpg', 50),
	(1283, 'truyen-tranh/20221007202616_003.jpg', 50),
	(1284, 'truyen-tranh/20221007202616_004.jpg', 50),
	(1285, 'truyen-tranh/20221007202616_005.jpg', 50),
	(1286, 'truyen-tranh/20221007202616_006.jpg', 50),
	(1287, 'truyen-tranh/20221007202616_007.jpg', 50),
	(1288, 'truyen-tranh/20221007202616_008.jpg', 50),
	(1289, 'truyen-tranh/20221007202616_009.jpg', 50),
	(1290, 'truyen-tranh/20221007202616_010.jpg', 50),
	(1291, 'truyen-tranh/20221007202616_011.jpg', 50),
	(1292, 'truyen-tranh/20221007202616_012.jpg', 50),
	(1293, 'truyen-tranh/20221007202616_013.jpg', 50),
	(1294, 'truyen-tranh/20221007202616_014.jpg', 50),
	(1295, 'truyen-tranh/20221007202616_015.jpg', 50),
	(1296, 'truyen-tranh/20221007202616_016.jpg', 50),
	(1297, 'truyen-tranh/20221007202616_017.jpg', 50),
	(1298, 'truyen-tranh/20221007202616_018.jpg', 50),
	(1299, 'truyen-tranh/20221007202616_019.jpg', 50),
	(1300, 'truyen-tranh/20221007202616_020.jpg', 50),
	(1301, 'truyen-tranh/20221007202616_021.jpg', 50),
	(1302, 'truyen-tranh/20221007202616_022.jpg', 50),
	(1303, '', 50),
	(1304, 'truyen-tranh/20221007202646_001.jpg', 51),
	(1305, 'truyen-tranh/20221007202646_002.jpg', 51),
	(1306, 'truyen-tranh/20221007202646_003.jpg', 51),
	(1307, 'truyen-tranh/20221007202646_004.jpg', 51),
	(1308, 'truyen-tranh/20221007202646_005.jpg', 51),
	(1309, 'truyen-tranh/20221007202646_006.jpg', 51),
	(1310, 'truyen-tranh/20221007202646_007.jpg', 51),
	(1311, 'truyen-tranh/20221007202646_008.jpg', 51),
	(1312, 'truyen-tranh/20221007202646_009.jpg', 51),
	(1313, 'truyen-tranh/20221007202646_010.jpg', 51),
	(1314, 'truyen-tranh/20221007202646_011.jpg', 51),
	(1315, 'truyen-tranh/20221007202646_012.jpg', 51),
	(1316, 'truyen-tranh/20221007202646_013.jpg', 51),
	(1317, 'truyen-tranh/20221007202646_014.jpg', 51),
	(1318, 'truyen-tranh/20221007202646_015.jpg', 51),
	(1319, 'truyen-tranh/20221007202646_016.jpg', 51),
	(1320, 'truyen-tranh/20221007202646_017.jpg', 51),
	(1321, 'truyen-tranh/20221007202646_018.jpg', 51),
	(1322, 'truyen-tranh/20221007202646_019.jpg', 51),
	(1323, 'truyen-tranh/20221007203308_003.jpg', 52),
	(1324, 'truyen-tranh/20221007203308_002.jpg', 52),
	(1325, 'truyen-tranh/20221007203308_004.jpg', 52),
	(1326, 'truyen-tranh/20221007203308_005.jpg', 52),
	(1327, 'truyen-tranh/20221007203308_006.jpg', 52),
	(1328, 'truyen-tranh/20221007203308_007.jpg', 52),
	(1329, 'truyen-tranh/20221007203308_008.jpg', 52),
	(1330, 'truyen-tranh/20221007203308_009.jpg', 52),
	(1331, 'truyen-tranh/20221007203308_011.jpg', 52),
	(1332, 'truyen-tranh/20221007203308_010.jpg', 52),
	(1333, 'truyen-tranh/20221007203308_012.jpg', 52),
	(1334, 'truyen-tranh/20221007203308_013.jpg', 52),
	(1335, 'truyen-tranh/20221007203308_014.jpg', 52),
	(1336, 'truyen-tranh/20221007203308_015.jpg', 52),
	(1337, 'truyen-tranh/20221007203308_016.jpg', 52),
	(1338, 'truyen-tranh/20221007203308_017.jpg', 52),
	(1339, 'truyen-tranh/20221007203309_018.jpg', 52),
	(1340, 'truyen-tranh/20221007203309_019.jpg', 52),
	(1341, 'truyen-tranh/20221007203309_020.jpg', 52),
	(1342, 'truyen-tranh/20221007203309_021.jpg', 52),
	(1343, 'truyen-tranh/20221007203309_022.jpg', 52),
	(1344, 'truyen-tranh/20221007203309_023.jpg', 52),
	(1345, 'truyen-tranh/20221007203309_024.jpg', 52),
	(1346, 'truyen-tranh/20221007203309_025.jpg', 52),
	(1347, 'truyen-tranh/20221007203309_026.jpg', 52),
	(1348, 'truyen-tranh/20221007203309_027.jpg', 52),
	(1349, 'truyen-tranh/20221007203309_028.jpg', 52),
	(1350, 'truyen-tranh/20221007203309_029.jpg', 52),
	(1351, 'truyen-tranh/20221007203309_030.jpg', 52),
	(1352, 'truyen-tranh/20221007203309_031.jpg', 52),
	(1353, 'truyen-tranh/20221007203309_032.jpg', 52),
	(1354, 'truyen-tranh/20221007203309_033.jpg', 52),
	(1355, 'truyen-tranh/20221007203309_034.jpg', 52),
	(1356, 'truyen-tranh/20221007203309_035.jpg', 52),
	(1357, 'truyen-tranh/20221007203309_036.jpg', 52),
	(1358, 'truyen-tranh/20221007203309_037.jpg', 52),
	(1359, 'truyen-tranh/20221007203309_038.jpg', 52),
	(1360, '', 52),
	(1361, 'truyen-tranh/20221007203324_002.jpg', 53),
	(1362, 'truyen-tranh/20221007203324_003.jpg', 53),
	(1363, 'truyen-tranh/20221007203324_004.jpg', 53),
	(1364, 'truyen-tranh/20221007203324_005.jpg', 53),
	(1365, 'truyen-tranh/20221007203324_006.jpg', 53),
	(1366, 'truyen-tranh/20221007203324_007.jpg', 53),
	(1367, 'truyen-tranh/20221007203325_008.jpg', 53),
	(1368, 'truyen-tranh/20221007203325_009.jpg', 53),
	(1369, 'truyen-tranh/20221007203337_001.jpg', 54),
	(1370, 'truyen-tranh/20221007203337_002.jpg', 54),
	(1371, 'truyen-tranh/20221007203337_003.jpg', 54),
	(1372, 'truyen-tranh/20221007203337_004.jpg', 54),
	(1373, 'truyen-tranh/20221007203337_005.jpg', 54),
	(1374, 'truyen-tranh/20221007203337_006.jpg', 54),
	(1375, 'truyen-tranh/20221007203337_007.jpg', 54),
	(1376, 'truyen-tranh/20221007203337_008.jpg', 54),
	(1377, 'truyen-tranh/20221007203337_009.jpg', 54),
	(1378, 'truyen-tranh/20221007203337_010.jpg', 54),
	(1379, 'truyen-tranh/20221007203337_011.jpg', 54),
	(1380, 'truyen-tranh/20221007203337_012.jpg', 54),
	(1381, 'truyen-tranh/20221007203337_013.jpg', 54),
	(1382, 'truyen-tranh/20221007203337_014.jpg', 54),
	(1383, 'truyen-tranh/20221007203337_015.jpg', 54),
	(1384, 'truyen-tranh/20221007203337_016.jpg', 54),
	(1385, 'truyen-tranh/20221007203832_003.jpg', 55),
	(1386, 'truyen-tranh/20221007203832_002.jpg', 55),
	(1387, 'truyen-tranh/20221007203832_004.jpg', 55),
	(1388, 'truyen-tranh/20221007203832_005.jpg', 55),
	(1389, 'truyen-tranh/20221007203832_006.jpg', 55),
	(1390, 'truyen-tranh/20221007203832_007.jpg', 55),
	(1391, 'truyen-tranh/20221007203832_008.jpg', 55),
	(1392, 'truyen-tranh/20221007203832_009.jpg', 55),
	(1393, 'truyen-tranh/20221007203832_010.jpg', 55),
	(1394, 'truyen-tranh/20221007203832_011.jpg', 55),
	(1395, 'truyen-tranh/20221007203832_012.jpg', 55),
	(1396, 'truyen-tranh/20221007203832_013.jpg', 55),
	(1397, 'truyen-tranh/20221007203832_014.jpg', 55),
	(1398, 'truyen-tranh/20221007203832_015.jpg', 55),
	(1399, 'truyen-tranh/20221007203832_016.jpg', 55),
	(1400, 'truyen-tranh/20221007203832_017.jpg', 55),
	(1401, 'truyen-tranh/20221007203832_018.jpg', 55),
	(1402, 'truyen-tranh/20221007203832_019.jpg', 55),
	(1403, 'truyen-tranh/20221007203832_020.jpg', 55),
	(1404, 'truyen-tranh/20221007203832_021.jpg', 55),
	(1405, 'truyen-tranh/20221007203832_022.jpg', 55),
	(1406, 'truyen-tranh/20221007203833_023.jpg', 55),
	(1407, 'truyen-tranh/20221007203833_024.jpg', 55),
	(1408, 'truyen-tranh/20221007203833_025.jpg', 55),
	(1409, 'truyen-tranh/20221007203833_026.jpg', 55),
	(1410, 'truyen-tranh/20221007203833_027.jpg', 55),
	(1411, 'truyen-tranh/20221007203833_028.jpg', 55),
	(1412, 'truyen-tranh/20221007203833_029.jpg', 55),
	(1413, 'truyen-tranh/20221007203833_030.jpg', 55),
	(1414, 'truyen-tranh/20221007203833_031.jpg', 55),
	(1415, 'truyen-tranh/20221007203833_032.jpg', 55),
	(1416, 'truyen-tranh/20221007203833_033.jpg', 55),
	(1417, 'truyen-tranh/20221007203833_034.jpg', 55),
	(1418, 'truyen-tranh/20221007203833_035.jpg', 55),
	(1419, 'truyen-tranh/20221007203833_036.jpg', 55),
	(1420, 'truyen-tranh/20221007203833_037.jpg', 55),
	(1421, 'truyen-tranh/20221007203833_038.jpg', 55),
	(1422, 'truyen-tranh/20221007203833_039.jpg', 55),
	(1423, 'truyen-tranh/20221007203833_040.jpg', 55),
	(1424, 'truyen-tranh/20221007203833_041.jpg', 55),
	(1425, 'truyen-tranh/20221007203833_042.jpg', 55),
	(1426, 'truyen-tranh/20221007203833_043.jpg', 55),
	(1427, 'truyen-tranh/20221007203833_044.jpg', 55),
	(1428, 'truyen-tranh/20221007203833_045.jpg', 55),
	(1429, 'truyen-tranh/20221007203833_046.jpg', 55),
	(1430, 'truyen-tranh/20221007203833_047.jpg', 55),
	(1431, 'truyen-tranh/20221007203833_048.jpg', 55),
	(1432, 'truyen-tranh/20221007203833_049.jpg', 55),
	(1433, 'truyen-tranh/20221007203833_050.jpg', 55),
	(1434, 'truyen-tranh/20221007203833_051.jpg', 55),
	(1435, 'truyen-tranh/20221007203833_052.jpg', 55),
	(1436, 'truyen-tranh/20221007203833_053.jpg', 55),
	(1437, 'truyen-tranh/20221007203833_055.jpg', 55),
	(1438, 'truyen-tranh/20221007203833_054.jpg', 55),
	(1439, '', 55),
	(1440, 'truyen-tranh/20221007203848_002.jpg', 56),
	(1441, 'truyen-tranh/20221007203848_001.jpg', 56),
	(1442, 'truyen-tranh/20221007203848_003.jpg', 56),
	(1443, 'truyen-tranh/20221007203848_004.jpg', 56),
	(1444, 'truyen-tranh/20221007203848_005.jpg', 56),
	(1445, 'truyen-tranh/20221007203848_006.jpg', 56),
	(1446, 'truyen-tranh/20221007203848_007.jpg', 56),
	(1447, 'truyen-tranh/20221007203848_008.jpg', 56),
	(1448, 'truyen-tranh/20221007203848_009.jpg', 56),
	(1449, 'truyen-tranh/20221007203848_010.jpg', 56),
	(1450, 'truyen-tranh/20221007203848_011.jpg', 56),
	(1451, 'truyen-tranh/20221007203848_012.jpg', 56),
	(1452, 'truyen-tranh/20221007203848_013.jpg', 56),
	(1453, 'truyen-tranh/20221007203848_014.jpg', 56),
	(1454, 'truyen-tranh/20221007203848_015.jpg', 56),
	(1455, 'truyen-tranh/20221007203848_016.jpg', 56),
	(1456, 'truyen-tranh/20221007203848_017.jpg', 56),
	(1457, 'truyen-tranh/20221007203848_018.jpg', 56),
	(1458, 'truyen-tranh/20221007203848_019.jpg', 56),
	(1459, 'truyen-tranh/20221007203848_020.jpg', 56),
	(1460, 'truyen-tranh/20221007203848_021.jpg', 56),
	(1461, 'truyen-tranh/20221007203848_022.jpg', 56),
	(1462, 'truyen-tranh/20221007203900_001.jpg', 57),
	(1463, 'truyen-tranh/20221007203900_002.jpg', 57),
	(1464, 'truyen-tranh/20221007203900_003.jpg', 57),
	(1465, 'truyen-tranh/20221007203900_004.jpg', 57),
	(1466, 'truyen-tranh/20221007203900_005.jpg', 57),
	(1467, 'truyen-tranh/20221007203900_006.jpg', 57),
	(1468, 'truyen-tranh/20221007203900_007.jpg', 57),
	(1469, 'truyen-tranh/20221007203900_008.jpg', 57),
	(1470, 'truyen-tranh/20221007203900_009.jpg', 57),
	(1471, 'truyen-tranh/20221007203900_010.jpg', 57),
	(1472, 'truyen-tranh/20221007203900_011.jpg', 57),
	(1473, 'truyen-tranh/20221007203900_012.jpg', 57),
	(1474, 'truyen-tranh/20221007203900_013.jpg', 57),
	(1475, 'truyen-tranh/20221007203900_014.jpg', 57),
	(1476, 'truyen-tranh/20221007203900_015.jpg', 57),
	(1477, 'truyen-tranh/20221007203900_016.jpg', 57),
	(1478, 'truyen-tranh/20221007203900_017.jpg', 57),
	(1479, 'truyen-tranh/20221007203900_018.jpg', 57),
	(1480, 'truyen-tranh/20221007203900_019.jpg', 57),
	(1481, 'truyen-tranh/20221007203900_020.jpg', 57),
	(1482, 'truyen-tranh/20221007203900_021.jpg', 57),
	(1483, 'truyen-tranh/20221007203900_022.jpg', 57),
	(1484, 'truyen-tranh/20221007203900_023.jpg', 57),
	(1485, 'truyen-tranh/20221007204516_002.jpg', 60),
	(1486, 'truyen-tranh/20221007204516_001.jpg', 60),
	(1487, 'truyen-tranh/20221007204516_003.jpg', 60),
	(1488, 'truyen-tranh/20221007204516_004.jpg', 60),
	(1489, 'truyen-tranh/20221007204516_005.jpg', 60),
	(1490, 'truyen-tranh/20221007204516_006.jpg', 60),
	(1491, 'truyen-tranh/20221007204516_007.jpg', 60),
	(1492, 'truyen-tranh/20221007204516_008.jpg', 60),
	(1493, 'truyen-tranh/20221007204516_009.jpg', 60),
	(1494, 'truyen-tranh/20221007204516_010.jpg', 60),
	(1495, 'truyen-tranh/20221007204516_011.jpg', 60),
	(1496, 'truyen-tranh/20221007204516_012.jpg', 60),
	(1497, 'truyen-tranh/20221007204516_013.jpg', 60),
	(1498, 'truyen-tranh/20221007204516_014.jpg', 60),
	(1499, 'truyen-tranh/20221007204516_015.jpg', 60),
	(1500, 'truyen-tranh/20221007204516_016.jpg', 60),
	(1501, 'truyen-tranh/20221007204516_017.jpg', 60),
	(1502, 'truyen-tranh/20221007204516_018.jpg', 60),
	(1503, 'truyen-tranh/20221007204516_019.jpg', 60),
	(1504, 'truyen-tranh/20221007204516_020.jpg', 60),
	(1505, 'truyen-tranh/20221007204517_021.jpg', 60),
	(1506, 'truyen-tranh/20221007204517_022.jpg', 60),
	(1507, 'truyen-tranh/20221007204517_023.jpg', 60),
	(1508, 'truyen-tranh/20221007204517_024.jpg', 60),
	(1509, 'truyen-tranh/20221007204517_026.jpg', 60),
	(1510, 'truyen-tranh/20221007204517_025.jpg', 60),
	(1511, 'truyen-tranh/20221007204517_027.jpg', 60),
	(1512, 'truyen-tranh/20221007204528_001.jpg', 59),
	(1513, 'truyen-tranh/20221007204528_002.jpg', 59),
	(1514, 'truyen-tranh/20221007204528_003.jpg', 59),
	(1515, 'truyen-tranh/20221007204528_004.jpg', 59),
	(1516, 'truyen-tranh/20221007204528_005.jpg', 59),
	(1517, 'truyen-tranh/20221007204528_006.jpg', 59),
	(1518, 'truyen-tranh/20221007204528_007.jpg', 59),
	(1519, 'truyen-tranh/20221007204528_008.jpg', 59),
	(1520, 'truyen-tranh/20221007204528_009.jpg', 59),
	(1521, 'truyen-tranh/20221007204528_010.jpg', 59),
	(1522, 'truyen-tranh/20221007204528_011.jpg', 59),
	(1523, 'truyen-tranh/20221007204528_012.jpg', 59),
	(1524, 'truyen-tranh/20221007204528_013.jpg', 59),
	(1525, 'truyen-tranh/20221007204528_014.jpg', 59),
	(1526, 'truyen-tranh/20221007204528_015.jpg', 59),
	(1527, 'truyen-tranh/20221007204528_016.jpg', 59),
	(1528, 'truyen-tranh/20221007204528_017.jpg', 59),
	(1529, 'truyen-tranh/20221007204528_018.jpg', 59),
	(1530, 'truyen-tranh/20221007204528_019.jpg', 59),
	(1531, 'truyen-tranh/20221007204528_020.jpg', 59),
	(1532, 'truyen-tranh/20221007204528_021.jpg', 59),
	(1533, 'truyen-tranh/20221007204528_022.jpg', 59),
	(1534, 'truyen-tranh/20221007204528_023.jpg', 59),
	(1535, 'truyen-tranh/20221007204528_024.jpg', 59),
	(1536, 'truyen-tranh/20221007204528_025.jpg', 59),
	(1537, 'truyen-tranh/20221007204528_026.jpg', 59),
	(1538, 'truyen-tranh/20221007204528_027.jpg', 59),
	(1539, 'truyen-tranh/20221007204528_028.jpg', 59),
	(1540, 'truyen-tranh/20221007204529_029.jpg', 59),
	(1541, 'truyen-tranh/20221007204529_030.jpg', 59),
	(1542, 'truyen-tranh/20221007204529_031.jpg', 59),
	(1543, 'truyen-tranh/20221007204529_032.jpg', 59),
	(1544, 'truyen-tranh/20221007204529_033.jpg', 59),
	(1545, 'truyen-tranh/20221007204529_034.jpg', 59),
	(1546, 'truyen-tranh/20221007204529_035.jpg', 59),
	(1547, 'truyen-tranh/20221007204529_036.jpg', 59),
	(1548, 'truyen-tranh/20221007204529_037.jpg', 59),
	(1549, 'truyen-tranh/20221007204529_038.jpg', 59),
	(1550, 'truyen-tranh/20221007204529_039.jpg', 59),
	(1551, 'truyen-tranh/20221007204529_040.jpg', 59),
	(1552, 'truyen-tranh/20221007204529_041.jpg', 59),
	(1553, 'truyen-tranh/20221007204529_042.jpg', 59),
	(1554, 'truyen-tranh/20221007204529_043.jpg', 59),
	(1555, 'truyen-tranh/20221007204529_044.jpg', 59),
	(1556, 'truyen-tranh/20221007204529_045.jpg', 59),
	(1557, 'truyen-tranh/20221007204545_002.jpg', 58),
	(1558, 'truyen-tranh/20221007204545_003.jpg', 58),
	(1559, 'truyen-tranh/20221007204545_004.jpg', 58),
	(1560, 'truyen-tranh/20221007204545_005.jpg', 58),
	(1561, 'truyen-tranh/20221007204545_006.jpg', 58),
	(1562, 'truyen-tranh/20221007204545_007.jpg', 58),
	(1563, 'truyen-tranh/20221007204545_008.jpg', 58),
	(1564, 'truyen-tranh/20221007204545_009.jpg', 58),
	(1565, 'truyen-tranh/20221007204545_010.jpg', 58),
	(1566, 'truyen-tranh/20221007204545_011.jpg', 58),
	(1567, 'truyen-tranh/20221007204545_012.jpg', 58),
	(1568, 'truyen-tranh/20221007204545_013.jpg', 58),
	(1569, 'truyen-tranh/20221007204545_014.jpg', 58),
	(1570, 'truyen-tranh/20221007204545_015.jpg', 58),
	(1571, 'truyen-tranh/20221007204545_016.jpg', 58),
	(1572, 'truyen-tranh/20221007204545_017.jpg', 58),
	(1573, 'truyen-tranh/20221007204545_018.jpg', 58),
	(1574, 'truyen-tranh/20221007204545_019.jpg', 58),
	(1575, 'truyen-tranh/20221007204545_020.jpg', 58),
	(1576, 'truyen-tranh/20221007204546_021.jpg', 58),
	(1577, 'truyen-tranh/20221007204546_022.jpg', 58),
	(1578, 'truyen-tranh/20221007204546_023.jpg', 58),
	(1579, 'truyen-tranh/20221007204546_024.jpg', 58),
	(1580, 'truyen-tranh/20221007204546_025.jpg', 58),
	(1581, 'truyen-tranh/20221007204546_026.jpg', 58),
	(1582, 'truyen-tranh/20221007204546_027.jpg', 58),
	(1583, 'truyen-tranh/20221007204546_028.jpg', 58),
	(1584, 'truyen-tranh/20221007204954_002.jpg', 61),
	(1585, 'truyen-tranh/20221007204954_003.jpg', 61),
	(1586, 'truyen-tranh/20221007204954_004.jpg', 61),
	(1587, 'truyen-tranh/20221007204954_005.jpg', 61),
	(1588, 'truyen-tranh/20221007204954_006.jpg', 61),
	(1589, 'truyen-tranh/20221007204954_007.jpg', 61),
	(1590, 'truyen-tranh/20221007204954_008.jpg', 61),
	(1591, 'truyen-tranh/20221007204955_009.jpg', 61),
	(1592, 'truyen-tranh/20221007204955_010.jpg', 61),
	(1593, 'truyen-tranh/20221007204955_011.jpg', 61),
	(1594, 'truyen-tranh/20221007204955_012.jpg', 61),
	(1595, 'truyen-tranh/20221007204955_013.jpg', 61),
	(1596, 'truyen-tranh/20221007204955_014.jpg', 61),
	(1597, 'truyen-tranh/20221007204955_015.jpg', 61),
	(1598, 'truyen-tranh/20221007204955_016.jpg', 61),
	(1599, 'truyen-tranh/20221007204955_017.jpg', 61),
	(1600, 'truyen-tranh/20221007204955_018.jpg', 61),
	(1601, 'truyen-tranh/20221007204955_019.jpg', 61),
	(1602, 'truyen-tranh/20221007204955_020.jpg', 61),
	(1603, 'truyen-tranh/20221007204955_021.jpg', 61),
	(1604, 'truyen-tranh/20221007204955_022.jpg', 61),
	(1605, 'truyen-tranh/20221007204955_023.jpg', 61),
	(1606, 'truyen-tranh/20221007204955_024.jpg', 61),
	(1607, 'truyen-tranh/20221007204955_025.jpg', 61),
	(1608, 'truyen-tranh/20221007204955_026.jpg', 61),
	(1609, 'truyen-tranh/20221007204955_027.jpg', 61),
	(1610, 'truyen-tranh/20221007204955_028.jpg', 61),
	(1611, 'truyen-tranh/20221007204955_029.jpg', 61),
	(1612, 'truyen-tranh/20221007204955_030.jpg', 61),
	(1613, 'truyen-tranh/20221007204955_031.jpg', 61),
	(1614, 'truyen-tranh/20221007204955_032.jpg', 61),
	(1615, 'truyen-tranh/20221007204955_033.jpg', 61),
	(1616, 'truyen-tranh/20221007204955_034.jpg', 61),
	(1617, 'truyen-tranh/20221007204955_035.jpg', 61),
	(1618, 'truyen-tranh/20221007204956_036.jpg', 61),
	(1619, 'truyen-tranh/20221007204956_037.jpg', 61),
	(1620, 'truyen-tranh/20221007204956_038.jpg', 61),
	(1621, 'truyen-tranh/20221007204956_039.jpg', 61),
	(1622, 'truyen-tranh/20221007204956_041.jpg', 61),
	(1623, 'truyen-tranh/20221007204956_040.jpg', 61),
	(1624, 'truyen-tranh/20221007204956_042.jpg', 61),
	(1625, 'truyen-tranh/20221007204956_043.jpg', 61),
	(1626, 'truyen-tranh/20221007204956_044.jpg', 61),
	(1627, 'truyen-tranh/20221007204956_045.jpg', 61),
	(1628, 'truyen-tranh/20221007204956_046.jpg', 61),
	(1629, 'truyen-tranh/20221007204956_047.jpg', 61),
	(1630, 'truyen-tranh/20221007204956_048.jpg', 61),
	(1631, 'truyen-tranh/20221007204956_049.jpg', 61),
	(1632, 'truyen-tranh/20221007204956_050.jpg', 61),
	(1633, 'truyen-tranh/20221007205008_001.jpg', 62),
	(1634, 'truyen-tranh/20221007205008_002.jpg', 62),
	(1635, 'truyen-tranh/20221007205008_003.jpg', 62),
	(1636, 'truyen-tranh/20221007205008_004.jpg', 62),
	(1637, 'truyen-tranh/20221007205008_005.jpg', 62),
	(1638, 'truyen-tranh/20221007205008_006.jpg', 62),
	(1639, 'truyen-tranh/20221007205008_007.jpg', 62),
	(1640, 'truyen-tranh/20221007205008_008.jpg', 62),
	(1641, 'truyen-tranh/20221007205008_009.jpg', 62),
	(1642, 'truyen-tranh/20221007205008_010.jpg', 62),
	(1643, 'truyen-tranh/20221007205008_011.jpg', 62),
	(1644, 'truyen-tranh/20221007205008_012.jpg', 62),
	(1645, 'truyen-tranh/20221007205008_013.jpg', 62),
	(1646, 'truyen-tranh/20221007205008_014.jpg', 62),
	(1647, 'truyen-tranh/20221007205008_015.jpg', 62),
	(1648, 'truyen-tranh/20221007205008_016.jpg', 62),
	(1649, 'truyen-tranh/20221007205008_017.jpg', 62),
	(1650, 'truyen-tranh/20221007205008_018.jpg', 62),
	(1651, 'truyen-tranh/20221007205008_019.jpg', 62),
	(1652, 'truyen-tranh/20221007205008_020.jpg', 62),
	(1653, 'truyen-tranh/20221007205008_021.jpg', 62),
	(1654, 'truyen-tranh/20221007205008_022.jpg', 62),
	(1655, 'truyen-tranh/20221007205008_023.jpg', 62),
	(1656, 'truyen-tranh/20221007205008_024.jpg', 62),
	(1657, 'truyen-tranh/20221007205017_002.jpg', 63),
	(1658, 'truyen-tranh/20221007205017_001.jpg', 63),
	(1659, 'truyen-tranh/20221007205017_003.jpg', 63),
	(1660, 'truyen-tranh/20221007205017_004.jpg', 63),
	(1661, 'truyen-tranh/20221007205017_005.jpg', 63),
	(1662, 'truyen-tranh/20221007205017_006.jpg', 63),
	(1663, 'truyen-tranh/20221007205017_007.jpg', 63),
	(1664, 'truyen-tranh/20221007205017_008.jpg', 63),
	(1665, 'truyen-tranh/20221007205017_009.jpg', 63),
	(1666, 'truyen-tranh/20221007205017_010.jpg', 63),
	(1667, 'truyen-tranh/20221007205017_011.jpg', 63),
	(1668, 'truyen-tranh/20221007205017_012.jpg', 63),
	(1669, 'truyen-tranh/20221007205017_013.jpg', 63),
	(1670, 'truyen-tranh/20221007205017_014.jpg', 63),
	(1671, 'truyen-tranh/20221007205017_015.jpg', 63),
	(1672, 'truyen-tranh/20221007205017_016.jpg', 63),
	(1673, 'truyen-tranh/20221007205017_017.jpg', 63),
	(1674, 'truyen-tranh/20221007205017_018.jpg', 63),
	(1675, 'truyen-tranh/20221007205018_019.jpg', 63),
	(1676, 'truyen-tranh/20221007205018_020.jpg', 63),
	(1677, 'truyen-tranh/20221007205018_021.jpg', 63),
	(1678, 'truyen-tranh/20221007205018_022.jpg', 63),
	(1679, 'truyen-tranh/20221007205018_023.jpg', 63),
	(1680, 'truyen-tranh/20221007205316_002.jpg', 64),
	(1681, 'truyen-tranh/20221007205316_003.jpg', 64),
	(1682, 'truyen-tranh/20221007205316_004.jpg', 64),
	(1683, 'truyen-tranh/20221007205316_005.jpg', 64),
	(1684, 'truyen-tranh/20221007205316_006.jpg', 64),
	(1685, 'truyen-tranh/20221007205316_007.jpg', 64),
	(1686, 'truyen-tranh/20221007205316_008.jpg', 64),
	(1687, 'truyen-tranh/20221007205316_009.jpg', 64),
	(1688, 'truyen-tranh/20221007205316_010.jpg', 64),
	(1689, 'truyen-tranh/20221007205316_011.jpg', 64),
	(1690, 'truyen-tranh/20221007205316_012.jpg', 64),
	(1691, 'truyen-tranh/20221007205316_013.jpg', 64),
	(1692, 'truyen-tranh/20221007205316_014.jpg', 64),
	(1693, 'truyen-tranh/20221007205316_015.jpg', 64),
	(1694, 'truyen-tranh/20221007205456_001.jpg', 65),
	(1695, 'truyen-tranh/20221007205456_002.jpg', 65),
	(1696, 'truyen-tranh/20221007205456_003.jpg', 65),
	(1697, 'truyen-tranh/20221007205456_004.jpg', 65),
	(1698, 'truyen-tranh/20221007205456_005.jpg', 65),
	(1699, 'truyen-tranh/20221007205456_006.jpg', 65),
	(1700, 'truyen-tranh/20221007205456_007.jpg', 65),
	(1701, 'truyen-tranh/20221007205456_008.jpg', 65),
	(1702, 'truyen-tranh/20221007205456_009.jpg', 65),
	(1703, 'truyen-tranh/20221007205456_010.jpg', 65),
	(1704, 'truyen-tranh/20221007205456_011.jpg', 65),
	(1705, 'truyen-tranh/20221007205456_012.jpg', 65),
	(1706, 'truyen-tranh/20221007205456_013.jpg', 65),
	(1707, 'truyen-tranh/20221007205456_014.jpg', 65),
	(1708, 'truyen-tranh/20221007205456_015.jpg', 65),
	(1709, 'truyen-tranh/20221007205456_016.jpg', 65),
	(1710, 'truyen-tranh/20221007205456_017.jpg', 65),
	(1711, 'truyen-tranh/20221007205457_018.jpg', 65),
	(1712, 'truyen-tranh/20221007205457_019.jpg', 65),
	(1713, 'truyen-tranh/20221007205457_020.jpg', 65),
	(1714, 'truyen-tranh/20221007205457_021.jpg', 65),
	(1715, 'truyen-tranh/20221007205457_022.jpg', 65),
	(1716, 'truyen-tranh/20221007205457_023.jpg', 65),
	(1717, 'truyen-tranh/20221007205457_024.jpg', 65),
	(1718, 'truyen-tranh/20221007205457_025.jpg', 65),
	(1719, 'truyen-tranh/20221007205457_026.jpg', 65),
	(1720, 'truyen-tranh/20221007205457_027.jpg', 65),
	(1721, 'truyen-tranh/20221007205457_028.jpg', 65),
	(1722, 'truyen-tranh/20221007205457_029.jpg', 65),
	(1723, 'truyen-tranh/20221007205457_031.jpg', 65),
	(1724, 'truyen-tranh/20221007205457_030.jpg', 65),
	(1725, 'truyen-tranh/20221007205457_032.jpg', 65),
	(1726, 'truyen-tranh/20221007205457_033.jpg', 65),
	(1727, 'truyen-tranh/20221007205457_034.jpg', 65),
	(1728, 'truyen-tranh/20221007205457_035.jpg', 65),
	(1729, 'truyen-tranh/20221007205507_001.jpg', 66),
	(1730, 'truyen-tranh/20221007205507_002.jpg', 66),
	(1731, 'truyen-tranh/20221007205507_003.jpg', 66),
	(1732, 'truyen-tranh/20221007205507_004.jpg', 66),
	(1733, 'truyen-tranh/20221007205507_005.jpg', 66),
	(1734, 'truyen-tranh/20221007205507_006.jpg', 66),
	(1735, 'truyen-tranh/20221007205507_007.jpg', 66),
	(1736, 'truyen-tranh/20221007205507_008.jpg', 66),
	(1737, 'truyen-tranh/20221007205508_009.jpg', 66),
	(1738, 'truyen-tranh/20221007205508_010.jpg', 66),
	(1739, 'truyen-tranh/20221007205508_011.jpg', 66),
	(1740, 'truyen-tranh/20221007205508_012.jpg', 66),
	(1741, 'truyen-tranh/20221007205508_013.jpg', 66),
	(1742, 'truyen-tranh/20221007205508_014.jpg', 66),
	(1743, 'truyen-tranh/20221007205508_015.jpg', 66),
	(1744, 'truyen-tranh/20221007205508_016.jpg', 66),
	(1745, 'truyen-tranh/20221007205508_017.jpg', 66),
	(1746, 'truyen-tranh/20221007205508_018.jpg', 66),
	(1747, 'truyen-tranh/20221007205508_019.jpg', 66),
	(1748, 'truyen-tranh/20221007205508_020.jpg', 66),
	(1749, 'truyen-tranh/20221007205508_021.jpg', 66),
	(1750, 'truyen-tranh/20221007205508_022.jpg', 66),
	(1751, 'truyen-tranh/20221007211635_002.jpg', 67),
	(1752, 'truyen-tranh/20221007211635_003.jpg', 67),
	(1753, 'truyen-tranh/20221007211635_004.jpg', 67),
	(1754, 'truyen-tranh/20221007211635_005.jpg', 67),
	(1755, 'truyen-tranh/20221007211635_006.jpg', 67),
	(1756, 'truyen-tranh/20221007211635_008.jpg', 67),
	(1757, 'truyen-tranh/20221007211635_007.jpg', 67),
	(1758, 'truyen-tranh/20221007211635_009.jpg', 67),
	(1759, 'truyen-tranh/20221007211635_010.jpg', 67),
	(1760, 'truyen-tranh/20221007211635_011.jpg', 67),
	(1761, 'truyen-tranh/20221007211635_012.jpg', 67),
	(1762, 'truyen-tranh/20221007211635_013.jpg', 67),
	(1763, 'truyen-tranh/20221007211635_014.jpg', 67),
	(1764, 'truyen-tranh/20221007211635_015.jpg', 67),
	(1765, 'truyen-tranh/20221007211635_016.jpg', 67),
	(1766, 'truyen-tranh/20221007211635_017.jpg', 67),
	(1767, 'truyen-tranh/20221007211635_018.jpg', 67),
	(1768, 'truyen-tranh/20221007211635_019.jpg', 67),
	(1769, 'truyen-tranh/20221007211635_020.jpg', 67),
	(1770, 'truyen-tranh/20221007211635_021.jpg', 67),
	(1771, 'truyen-tranh/20221007211635_022.jpg', 67),
	(1772, 'truyen-tranh/20221007211635_023.jpg', 67),
	(1773, 'truyen-tranh/20221007211635_024.jpg', 67),
	(1774, 'truyen-tranh/20221007211635_025.jpg', 67),
	(1775, 'truyen-tranh/20221007211635_026.jpg', 67),
	(1776, 'truyen-tranh/20221007211635_027.jpg', 67),
	(1777, 'truyen-tranh/20221007211635_028.jpg', 67),
	(1778, 'truyen-tranh/20221007211635_029.jpg', 67),
	(1779, 'truyen-tranh/20221007211635_030.jpg', 67),
	(1780, 'truyen-tranh/20221007211635_031.jpg', 67),
	(1781, 'truyen-tranh/20221007211635_032.jpg', 67),
	(1782, 'truyen-tranh/20221007211635_033.jpg', 67),
	(1783, 'truyen-tranh/20221007211635_034.jpg', 67),
	(1784, 'truyen-tranh/20221007211635_035.jpg', 67),
	(1785, 'truyen-tranh/20221007211636_036.jpg', 67),
	(1786, 'truyen-tranh/20221007211636_037.jpg', 67),
	(1787, 'truyen-tranh/20221007211636_038.jpg', 67),
	(1788, 'truyen-tranh/20221007211636_039.jpg', 67),
	(1789, 'truyen-tranh/20221007211636_040.jpg', 67),
	(1790, 'truyen-tranh/20221007211636_041.jpg', 67),
	(1791, 'truyen-tranh/20221007211636_042.jpg', 67),
	(1792, 'truyen-tranh/20221007211636_043.jpg', 67),
	(1793, 'truyen-tranh/20221007211636_044.jpg', 67),
	(1794, 'truyen-tranh/20221007211636_045.jpg', 67),
	(1795, 'truyen-tranh/20221007211636_046.jpg', 67),
	(1796, 'truyen-tranh/20221007211636_047.jpg', 67),
	(1797, 'truyen-tranh/20221007211636_048.jpg', 67),
	(1798, 'truyen-tranh/20221007211636_049.jpg', 67),
	(1799, 'truyen-tranh/20221007211636_050.jpg', 67),
	(1800, 'truyen-tranh/20221007211636_051.jpg', 67),
	(1801, 'truyen-tranh/20221007211636_052.jpg', 67),
	(1802, 'truyen-tranh/20221007211636_053.jpg', 67),
	(1803, 'truyen-tranh/20221007211636_054.jpg', 67),
	(1804, 'truyen-tranh/20221007211636_055.jpg', 67),
	(1805, 'truyen-tranh/20221007211636_056.jpg', 67),
	(1806, 'truyen-tranh/20221007211636_057.jpg', 67),
	(1807, 'truyen-tranh/20221007211636_058.jpg', 67),
	(1808, 'truyen-tranh/20221007211636_059.jpg', 67),
	(1809, 'truyen-tranh/20221007211636_060.jpg', 67),
	(1810, 'truyen-tranh/20221007211636_061.jpg', 67),
	(1811, 'truyen-tranh/20221007211636_062.jpg', 67),
	(1812, 'truyen-tranh/20221007211636_063.jpg', 67),
	(1813, 'truyen-tranh/20221007211636_064.jpg', 67),
	(1814, 'truyen-tranh/20221007211636_065.jpg', 67),
	(1815, 'truyen-tranh/20221007211636_066.jpg', 67),
	(1816, 'truyen-tranh/20221007211636_067.jpg', 67),
	(1817, 'truyen-tranh/20221007211637_068.jpg', 67),
	(1818, 'truyen-tranh/20221007211637_069.jpg', 67),
	(1819, 'truyen-tranh/20221007211637_070.jpg', 67),
	(1820, 'truyen-tranh/20221007211648_001 (1).jpg', 68),
	(1821, 'truyen-tranh/20221007211648_002 (1).jpg', 68),
	(1822, 'truyen-tranh/20221007211648_003 (1).jpg', 68),
	(1823, 'truyen-tranh/20221007211648_004 (1).jpg', 68),
	(1824, 'truyen-tranh/20221007211648_005 (1).jpg', 68),
	(1825, 'truyen-tranh/20221007211648_006 (1).jpg', 68),
	(1826, 'truyen-tranh/20221007211648_007 (1).jpg', 68),
	(1827, 'truyen-tranh/20221007211648_008 (1).jpg', 68),
	(1828, 'truyen-tranh/20221007211648_009 (1).jpg', 68),
	(1829, 'truyen-tranh/20221007211648_010 (1).jpg', 68),
	(1830, 'truyen-tranh/20221007211648_011 (1).jpg', 68),
	(1831, 'truyen-tranh/20221007211648_012 (1).jpg', 68),
	(1832, 'truyen-tranh/20221007211648_013 (1).jpg', 68),
	(1833, 'truyen-tranh/20221007211648_014 (1).jpg', 68),
	(1834, 'truyen-tranh/20221007211648_015 (1).jpg', 68),
	(1835, 'truyen-tranh/20221007211648_016 (1).jpg', 68),
	(1836, 'truyen-tranh/20221007211648_017 (1).jpg', 68),
	(1837, 'truyen-tranh/20221007211648_018 (1).jpg', 68),
	(1838, 'truyen-tranh/20221007211648_019 (1).jpg', 68),
	(1839, 'truyen-tranh/20221007211648_020 (1).jpg', 68),
	(1840, 'truyen-tranh/20221007211648_021 (1).jpg', 68),
	(1841, 'truyen-tranh/20221007211648_022 (1).jpg', 68),
	(1842, 'truyen-tranh/20221007211648_023 (1).jpg', 68),
	(1843, 'truyen-tranh/20221007211648_024 (1).jpg', 68),
	(1844, 'truyen-tranh/20221007211648_025 (1).jpg', 68),
	(1845, 'truyen-tranh/20221007211648_026 (1).jpg', 68),
	(1846, 'truyen-tranh/20221007211648_027 (1).jpg', 68),
	(1847, 'truyen-tranh/20221007211648_028 (1).jpg', 68),
	(1848, 'truyen-tranh/20221007211648_029 (1).jpg', 68),
	(1849, 'truyen-tranh/20221007211648_030 (1).jpg', 68),
	(1850, 'truyen-tranh/20221007211648_031 (1).jpg', 68),
	(1851, 'truyen-tranh/20221007211648_032 (1).jpg', 68),
	(1852, 'truyen-tranh/20221007211648_033 (1).jpg', 68),
	(1853, 'truyen-tranh/20221007211648_034 (1).jpg', 68),
	(1854, 'truyen-tranh/20221007211648_035 (1).jpg', 68),
	(1855, 'truyen-tranh/20221007211648_036 (1).jpg', 68),
	(1856, 'truyen-tranh/20221007211649_037 (1).jpg', 68),
	(1857, 'truyen-tranh/20221007211649_038 (1).jpg', 68),
	(1858, 'truyen-tranh/20221007211649_039 (1).jpg', 68),
	(1859, 'truyen-tranh/20221007211649_040 (1).jpg', 68),
	(1860, 'truyen-tranh/20221007211649_041 (1).jpg', 68),
	(1861, 'truyen-tranh/20221007211649_042 (1).jpg', 68),
	(1862, 'truyen-tranh/20221007211649_043 (1).jpg', 68),
	(1863, 'truyen-tranh/20221007211649_044 (1).jpg', 68),
	(1864, 'truyen-tranh/20221007211701_002.jpg', 69),
	(1865, 'truyen-tranh/20221007211701_001.jpg', 69),
	(1866, 'truyen-tranh/20221007211701_003.jpg', 69),
	(1867, 'truyen-tranh/20221007211701_004.jpg', 69),
	(1868, 'truyen-tranh/20221007211701_005.jpg', 69),
	(1869, 'truyen-tranh/20221007211701_006.jpg', 69),
	(1870, 'truyen-tranh/20221007211701_007.jpg', 69),
	(1871, 'truyen-tranh/20221007211701_008.jpg', 69),
	(1872, 'truyen-tranh/20221007211701_009.jpg', 69),
	(1873, 'truyen-tranh/20221007211701_010.jpg', 69),
	(1874, 'truyen-tranh/20221007211701_011.jpg', 69),
	(1875, 'truyen-tranh/20221007211701_012.jpg', 69),
	(1876, 'truyen-tranh/20221007211701_013.jpg', 69),
	(1877, 'truyen-tranh/20221007211701_014.jpg', 69),
	(1878, 'truyen-tranh/20221007211701_015.jpg', 69),
	(1879, 'truyen-tranh/20221007211701_016.jpg', 69),
	(1880, 'truyen-tranh/20221007211701_017.jpg', 69),
	(1881, 'truyen-tranh/20221007211701_018.jpg', 69),
	(1882, 'truyen-tranh/20221007211701_019.jpg', 69),
	(1883, 'truyen-tranh/20221007211701_020.jpg', 69),
	(1884, 'truyen-tranh/20221007211701_021.jpg', 69),
	(1885, 'truyen-tranh/20221007211701_022.jpg', 69),
	(1886, 'truyen-tranh/20221007211701_023.jpg', 69),
	(1887, 'truyen-tranh/20221007211701_024.jpg', 69),
	(1888, 'truyen-tranh/20221007211701_025.jpg', 69),
	(1889, 'truyen-tranh/20221007211701_026.jpg', 69),
	(1890, 'truyen-tranh/20221007211701_027.jpg', 69),
	(1891, 'truyen-tranh/20221007211701_028.jpg', 69),
	(1892, 'truyen-tranh/20221007211701_029.jpg', 69),
	(1893, 'truyen-tranh/20221007211701_030.jpg', 69),
	(1894, 'truyen-tranh/20221009070959_004.jpg', 70),
	(1895, 'truyen-tranh/20221009070959_005.jpg', 70),
	(1896, 'truyen-tranh/20221009070959_006.jpg', 70),
	(1897, 'truyen-tranh/20221009070959_007.jpg', 70),
	(1898, 'truyen-tranh/20221009071000_008.jpg', 70),
	(1899, 'truyen-tranh/20221009071000_009.jpg', 70),
	(1900, 'truyen-tranh/20221009071000_010.jpg', 70),
	(1901, 'truyen-tranh/20221009071000_011.jpg', 70),
	(1902, 'truyen-tranh/20221009071914_002.jpg', 71),
	(1903, 'truyen-tranh/20221009071914_001.jpg', 71),
	(1904, 'truyen-tranh/20221009071914_003.jpg', 71),
	(1905, 'truyen-tranh/20221009071914_004.jpg', 71),
	(1906, 'truyen-tranh/20221009071914_005.jpg', 71),
	(1907, 'truyen-tranh/20221009071914_006.jpg', 71),
	(1908, 'truyen-tranh/20221009071914_007.jpg', 71),
	(1909, 'truyen-tranh/20221009071914_008.jpg', 71),
	(1910, 'truyen-tranh/20221009071914_009.jpg', 71),
	(1911, 'truyen-tranh/20221009071915_010.jpg', 71),
	(1912, 'truyen-tranh/20221009071915_011.jpg', 71),
	(1913, 'truyen-tranh/20221009071915_012.jpg', 71);

-- Dumping structure for table heroku_9545e73caaf405a.tai_khoan
CREATE TABLE IF NOT EXISTS `tai_khoan` (
  `tai_khoan_id` int(11) NOT NULL AUTO_INCREMENT,
  `ten_hien_thi` varchar(50) COLLATE utf8_unicode_ci NOT NULL DEFAULT '',
  `ten_tai_khoan` varchar(50) COLLATE utf8_unicode_ci NOT NULL,
  `mat_khau` varchar(50) COLLATE utf8_unicode_ci NOT NULL,
  `phan_quyen` tinyint(4) NOT NULL COMMENT '#1: admin, #2: mod, #3: user',
  `trang_thai` tinyint(4) NOT NULL COMMENT '#1: kích hoạt, #2: khóa',
  PRIMARY KEY (`tai_khoan_id`)
) ENGINE=InnoDB AUTO_INCREMENT=17 DEFAULT CHARSET=utf8 COLLATE=utf8_unicode_ci;

-- Dumping data for table heroku_9545e73caaf405a.tai_khoan: ~4 rows (approximately)
INSERT INTO `tai_khoan` (`tai_khoan_id`, `ten_hien_thi`, `ten_tai_khoan`, `mat_khau`, `phan_quyen`, `trang_thai`) VALUES
	(13, 'admin', 'admin', '4297f44b13955235245b2497399d7a93', 0, 1),
	(14, 'mod', 'mod', '4297f44b13955235245b2497399d7a93', 1, 1),
	(15, 'user1', 'user1', '4297f44b13955235245b2497399d7a93', 2, 1),
	(16, 'user2', 'user2', '4297f44b13955235245b2497399d7a93', 2, 1);

-- Dumping structure for table heroku_9545e73caaf405a.the_loai
CREATE TABLE IF NOT EXISTS `the_loai` (
  `the_loai_id` int(11) NOT NULL AUTO_INCREMENT,
  `the_loai_ten` varchar(50) COLLATE utf8_unicode_ci NOT NULL,
  `the_loai_mo_ta` mediumtext COLLATE utf8_unicode_ci NOT NULL,
  PRIMARY KEY (`the_loai_id`)
) ENGINE=InnoDB AUTO_INCREMENT=21 DEFAULT CHARSET=utf8 COLLATE=utf8_unicode_ci;

-- Dumping data for table heroku_9545e73caaf405a.the_loai: ~4 rows (approximately)
INSERT INTO `the_loai` (`the_loai_id`, `the_loai_ten`, `the_loai_mo_ta`) VALUES
	(16, 'Hành động', 'Hành động'),
	(17, 'Phiêu lưu', 'Phiêu lưu'),
	(18, 'Trinh thám', 'Trinh thám'),
	(19, 'Học đường', 'Học đường'),
	(20, 'Siêu nhiên', 'Siêu nhiên');

-- Dumping structure for table heroku_9545e73caaf405a.truyen
CREATE TABLE IF NOT EXISTS `truyen` (
  `truyen_id` int(11) NOT NULL AUTO_INCREMENT,
  `truyen_ma` varchar(50) COLLATE utf8_unicode_ci NOT NULL,
  `truyen_ten` mediumtext COLLATE utf8_unicode_ci NOT NULL,
  `truyen_tac_gia` varchar(50) COLLATE utf8_unicode_ci NOT NULL,
  `truyen_mo_ta` mediumtext COLLATE utf8_unicode_ci NOT NULL,
  `truyen_anh_dai_dien` varchar(50) COLLATE utf8_unicode_ci NOT NULL,
  `truyen_tinh_trang` tinyint(4) DEFAULT NULL COMMENT '#1: Đang cập nhật, #2: Đã hoàn thành, #3: Tạm ngừng',
  `truyen_luot_xem` int(11) NOT NULL,
  `truyen_ngay_dang` datetime NOT NULL DEFAULT current_timestamp(),
  `truyen_trang_thai` tinyint(4) NOT NULL COMMENT '#1: Hiện, #2: Ẩn',
  PRIMARY KEY (`truyen_id`)
) ENGINE=InnoDB AUTO_INCREMENT=23 DEFAULT CHARSET=utf8 COLLATE=utf8_unicode_ci;

-- Dumping data for table heroku_9545e73caaf405a.truyen: ~7 rows (approximately)
INSERT INTO `truyen` (`truyen_id`, `truyen_ma`, `truyen_ten`, `truyen_tac_gia`, `truyen_mo_ta`, `truyen_anh_dai_dien`, `truyen_tinh_trang`, `truyen_luot_xem`, `truyen_ngay_dang`, `truyen_trang_thai`) VALUES
	(15, 'ONEPIECE', 'ONE PIECE', 'Oda', '<p>One Piece l&agrave; c&acirc;u truyện kể về Luffy v&agrave; c&aacute;c thuyền vi&ecirc;n của m&igrave;nh. Khi c&ograve;n nhỏ, Luffy ước mơ trở th&agrave;nh Vua Hải Tặc. Cuộc sống của cậu b&eacute; thay đổi khi cậu v&ocirc; t&igrave;nh c&oacute; được sức mạnh c&oacute; thể co d&atilde;n như cao su, nhưng đổi lại, cậu kh&ocirc;ng bao giờ c&oacute; thể bơi được nữa. Giờ đ&acirc;y, Luffy c&ugrave;ng những người bạn hải tặc của m&igrave;nh ra khơi t&igrave;m kiếm kho b&aacute;u One Piece, kho b&aacute;u vĩ đại nhất tr&ecirc;n thế giới. Trong One Piece, mỗi nh&acirc;n vật trong đều mang một n&eacute;t c&aacute; t&iacute;nh đặc sắc kết hợp c&ugrave;ng c&aacute;c t&igrave;nh huống kịch t&iacute;nh, lối dẫn truyện hấp dẫn chứa đầy c&aacute;c bước ngoặt bất ngờ v&agrave; cũng v&ocirc; c&ugrave;ng h&agrave;i hước đ&atilde; biến One Piece trở th&agrave;nh một trong những bộ truyện nổi tiếng nhất kh&ocirc;ng thể bỏ qua.<br />\r\nH&atilde;y đọc One Piece để h&ograve;a m&igrave;nh v&agrave;o một thế giới của những hải tặc rộng lớn, đầy m&agrave;u sắc, sống động v&agrave; th&uacute; vị, c&ugrave;ng đắm ch&igrave;m với những nh&acirc;n vật y&ecirc;u tự do, tr&ecirc;n h&agrave;nh tr&igrave;nh đi t&igrave;m ước mơ của m&igrave;nh.</p>\r\n', 'truyen-tranh/20221007202027_001.jpg', 1, 1236, '2022-10-08 01:20:27', 1),
	(16, 'CONAN', 'CONAN', 'Gosho Aoyama', '<p>Mở đầu c&acirc;u truyện, cậu học sinh trung học 16 tuổi Shinichi Kudo bị biến th&agrave;nh cậu b&eacute; Conan Edogawa. Shinichi trong phần đầu của Th&aacute;m tử lừng danh Conan được mi&ecirc;u tả l&agrave; một th&aacute;m tử học đường. Trong một lần đi chơi c&ocirc;ng vi&ecirc;n &quot;Miền Nhiệt đới&quot; với c&ocirc; bạn từ thuở nhỏ (cũng l&agrave; bạn g&aacute;i) Ran Mori , cậu bị d&iacute;nh v&agrave;o vụ &aacute;n một h&agrave;nh kh&aacute;ch tr&ecirc;n Chuyến t&agrave;u tốc h&agrave;nh trong c&ocirc;ng vi&ecirc;n, Kishida , bị giết trong một vụ &aacute;n cắt đầu r&ugrave;ng rợn. Cậu đ&atilde; l&agrave;m s&aacute;ng tỏ vụ &aacute;n v&agrave; tr&ecirc;n đường về nh&agrave;, chứng kiến một vụ l&agrave;m ăn mờ &aacute;m của những người đ&agrave;n &ocirc;ng mặc to&agrave;n đồ đen. Kudo bị ph&aacute;t hiện, bị đ&aacute;nh ngất sau đ&oacute; những người đ&agrave;n &ocirc;ng &aacute;o đen đ&atilde; cho cậu uống một thứ thuốc độc chưa qua thử nghiệm l&agrave; Apotoxin-4869 (APTX4869) với mục đ&iacute;ch thủ ti&ecirc;u cậu. Tuy nhi&ecirc;n chất độc đ&atilde; kh&ocirc;ng giết chết Kudo. Khi tỉnh lại, cậu b&agrave;ng ho&agrave;ng nhận thấy th&acirc;n thể m&igrave;nh đ&atilde; bị teo nhỏ trong h&igrave;nh dạng của một cậu học sinh tiểu học....</p>\r\n', 'truyen-tranh/20221007203228_001.jpg', 1, 1022, '2022-10-08 01:32:28', 1),
	(17, 'NARUTO', 'NARUTO', 'Kishimoto Masashi', '<p>Naruto l&agrave; một cậu b&eacute; c&oacute; mơ ước trở th&agrave;nh hokage của l&agrave;ng Konoha,được Hokage phong ấn trong người một trong 9 qu&aacute;i vật của thể giới : Cửu vĩ Hồ ly.V&igrave; cho cậu l&agrave; một con qu&aacute;i vật, ko ai d&aacute;m chơi với cậu!&amp; V&igrave; muốn được thừa nhận n&ecirc;n rất ph&aacute; ph&aacute;ch.Khi tốt nghiệp trướng ninja, lần đầu ti&ecirc;n cậu đ&atilde; được thừa nhận v&agrave; c&oacute; một người bạn th&acirc;n l&agrave; Sasuke.Hai năm sau, Sasuke đ&atilde; rời bỏ l&agrave;ng l&aacute; để đi theo Orochimaru v&igrave; muốn đạt được sức mạnh hơn người, v&agrave; d&ugrave;ng sức mạnh đ&oacute; để giết người anh của m&igrave;nh.Naruto muốn đem Sasuke trở về, v&agrave; v&igrave; Kakashi ko đủ tr&igrave;nh độ n&ecirc;n đ&atilde; đi theo Jiraiya - một trong tam nin truyền thuyết của Konoha - để học tập th&ecirc;m c&aacute;ch d&ugrave;ng sức mạnh.Sau hai năm trờ về, Naruto đ&atilde; 16 tuổi v&agrave; c&oacute; nhiều thay đổi! V&agrave; những kh&oacute; khăn nguy hiểm cũng từ đ&oacute; tăng l&ecirc;n 2 năm sau Sasuke đ&atilde; trưởng th&agrave;nh..</p>\r\n', 'truyen-tranh/20221007203708_001.jpg', 2, 820, '2022-10-08 01:37:08', 1),
	(18, 'TOKYO卍REVENGERS', 'TOKYO卍REVENGERS', 'Wakui Ken', '<p>Takemichi, thanh ni&ecirc;n thất nghiệp c&ograve;n trinh, được biết rằng người con g&aacute;i đầu ti&ecirc;n v&agrave; cũng l&agrave; duy nhất cho đến b&acirc;y giờ m&agrave; anh hẹn h&ograve; từ trung học đ&atilde; chết. Sau một vụ tai nạn, anh ta thấy m&igrave;nh được quay về những ng&agrave;y cấp hai. Anh ta thề sẽ thay đổi tương lai v&agrave; giữ lấy người con g&aacute;i ấy, để l&agrave;m việc đ&oacute;, anh ta quyết định sẽ vươn l&ecirc;n l&agrave;m tr&ugrave;m băng đảng kh&eacute;t tiếng nhất ở v&ugrave;ng Kantou. Live-Action Movie c&ocirc;ng chiếu ng&agrave;y 09/10/2020. Anime l&ecirc;n s&oacute;ng năm 2021!!</p>\r\n', 'truyen-tranh/20221007204352_001.jpg', 1, 402, '2022-10-08 01:43:52', 1),
	(19, 'BLACKCLOVER', 'BLACK CLOVER', 'Tabata Yuuki', '<p>Aster v&agrave; Yuno l&agrave; hai đứa trẻ bị bỏ rơi ở nh&agrave; thờ v&agrave; c&ugrave;ng nhau lớn l&ecirc;n tại đ&oacute;. Khi c&ograve;n nhỏ, ch&uacute;ng đ&atilde; hứa với nhau xem ai sẽ trở th&agrave;nh Ma ph&aacute;p vương tiếp theo. Thế nhưng, khi cả hai lớn l&ecirc;n, mọi s&ocirc; chuyện đ&atilde; thay đổi. Yuno l&agrave; thi&ecirc;n t&agrave;i ma ph&aacute;p với sức mạnh tuyệt đỉnh trong khi Aster lại kh&ocirc;ng thể sử dụng ma ph&aacute;p v&agrave; cố gắng b&ugrave; đắp bằng thể lực. Khi cả hai được nhận s&aacute;ch ph&eacute;p v&agrave;o tuổi 15, Yuno đ&atilde; được ban cuốn s&aacute;ch ph&eacute;p cỏ bốn b&aacute; (trong khi đa số l&agrave; cỏ ba l&aacute;) m&agrave; Aster lại kh&ocirc;ng c&oacute; cuốn n&agrave;o. Tuy nhi&ecirc;n, khi Yuno bị đe dọa, sự thật về sức mạnh của Aster đ&atilde; được giải m&atilde;- cậu ta được ban cuốn s&aacute;ch ph&eacute;p cỏ năm l&aacute;, cuốn s&aacute;ch ph&aacute; ma thuật m&agrave;u đen. Bấy giờ, hai người bạn trẻ đang hướng ra thế giới, c&ugrave;ng chung mục ti&ecirc;u</p>\r\n', 'truyen-tranh/20221007204917_001.jpg', 1, 512, '2022-10-08 01:49:17', 1),
	(20, 'SLIME', 'TENSEI SHITARA SLIME DATTA KEN', 'Kawakami Taiki, Fuse', '<p>Một manga kh&aacute;c chuyển thể từ light novel đang hot ở nhật. Một anh ch&agrave;ng bị t&ecirc;n cướp đ&acirc;m chết khi đang gặp vợ chưa cưới của đồng nghiệp. Khi đang thoi th&oacute;p trước khi chết, người đầy m&aacute;u, anh ta nghe được một tiếng n&oacute;i kỳ lạ. Giọng n&oacute;i ấy chuyển thể sự tiếc nuối của anh ch&agrave;ng v&igrave; vẫn c&ograve;n t&acirc;n trước khi đi v&agrave; ban cho anh ta chi&ecirc;u thức đặc biệt [ti&ecirc;n nh&acirc;n vĩ đại]. Liệu đ&acirc;y c&oacute; phải l&agrave; tr&ograve; đ&ugrave;a?</p>\r\n', 'truyen-tranh/20221007205238_001.jpg', 1, 672, '2022-10-08 01:52:38', 1),
	(21, 'FAIRYTAIL', 'FAIRY TAIL', ' Mashima Hiro', '<p>Rồi một ng&agrave;y c&ocirc; đến thị trấn Harujion, c&ocirc; đ&atilde; gặp Natsu, một thiếu ni&ecirc;n c&oacute; khả năng sử dụng ma thuật lửa. Nhưng Natsu kh&ocirc;ng phải l&agrave; một ph&aacute;p sư th&ocirc;ng thường, cậu sử dụng ma thuật cổ đại do một con rồng t&ecirc;n l&agrave; Igneel dạy dỗ,v&agrave; l&agrave; th&agrave;nh vi&ecirc;n của một trong số những hội ph&aacute;p sư nổi tiếng nhất.</p>\r\n', 'truyen-tranh/20221007210531_001 (1).jpg', 2, 925, '2022-10-08 02:05:31', 1),
	(22, 'RE:ZERO', 'RE:ZERO KARA HAJIMERU ISEKAI SEIKATSU', ' Matsuse, Daichi (Art), Nagatsuki, Tappei (Story)', '<p>Subaru Natsuki l&agrave; một học sinh cấp 3 b&igrave;nh thường bị lạc sang một thế giới kh&aacute;c. Sau khi được một c&ocirc; g&aacute;i t&oacute;c bạch kim xinh đẹp cứu, cậu đ&atilde; ở b&ecirc;n c&ocirc; ấy để trả ơn, nhưng số phận m&agrave; c&ocirc; phải g&aacute;nh chịu c&ograve;n lớn hơn cậu tưởng tượng. Kẻ địch cứ tấn c&ocirc;ng kh&ocirc;ng ngừng, v&agrave; cả hai bọn họ đều bị giết. Rồi cậu ph&aacute;t hiện ra m&igrave;nh c&oacute; năng lực đảo ngược thời gian, quay lại l&uacute;c cậu mới đến thế giới n&agrave;y. Tuy nhi&ecirc;n, kh&ocirc;ng ai nhớ được những g&igrave; đ&atilde; xảy ra ngoại trừ cậu.</p>\r\n', 'truyen-tranh/20221009070436_001.jpg', 2, 8, '2022-10-09 12:04:36', 1);

-- Dumping structure for table heroku_9545e73caaf405a.truyen_the_loai
CREATE TABLE IF NOT EXISTS `truyen_the_loai` (
  `truyen_the_loai_id` int(11) NOT NULL AUTO_INCREMENT,
  `truyen_id` int(11) NOT NULL,
  `the_loai_id` int(11) NOT NULL,
  PRIMARY KEY (`truyen_the_loai_id`),
  KEY `FK_truyen_truyen-the-loai` (`truyen_id`),
  KEY `FK_the-loai_truyen-the-loai` (`the_loai_id`),
  CONSTRAINT `FK_the-loai_truyen-the-loai` FOREIGN KEY (`the_loai_id`) REFERENCES `the_loai` (`the_loai_id`) ON DELETE CASCADE ON UPDATE CASCADE,
  CONSTRAINT `FK_truyen_truyen-the-loai` FOREIGN KEY (`truyen_id`) REFERENCES `truyen` (`truyen_id`) ON DELETE CASCADE ON UPDATE CASCADE
) ENGINE=InnoDB AUTO_INCREMENT=46 DEFAULT CHARSET=utf8 COLLATE=utf8_unicode_ci;

-- Dumping data for table heroku_9545e73caaf405a.truyen_the_loai: ~11 rows (approximately)
INSERT INTO `truyen_the_loai` (`truyen_the_loai_id`, `truyen_id`, `the_loai_id`) VALUES
	(33, 15, 16),
	(34, 15, 17),
	(35, 16, 18),
	(36, 17, 16),
	(37, 17, 17),
	(38, 18, 16),
	(39, 18, 19),
	(40, 16, 19),
	(41, 20, 20),
	(42, 21, 16),
	(43, 21, 17),
	(44, 21, 20),
	(45, 22, 20);

-- Dumping structure for table heroku_9545e73caaf405a.tuong_tac
CREATE TABLE IF NOT EXISTS `tuong_tac` (
  `tuong_tac_id` int(11) NOT NULL AUTO_INCREMENT,
  `tuong_tac_noi_dung` mediumint(9) DEFAULT NULL,
  `tuong_tac_loai` tinyint(4) NOT NULL COMMENT '#1: đã xem, #2: thích, #3: theo dõi',
  `chapter_id` int(11) NOT NULL,
  `tai_khoan_id` int(11) NOT NULL,
  PRIMARY KEY (`tuong_tac_id`) USING BTREE,
  KEY `FK_tai-khoan_tuong-tac` (`tai_khoan_id`),
  KEY `FK_chapter_tuong-tac` (`chapter_id`) USING BTREE,
  CONSTRAINT `FK_chapter_tuong-tac` FOREIGN KEY (`chapter_id`) REFERENCES `chapter` (`chapter_id`) ON DELETE CASCADE ON UPDATE CASCADE,
  CONSTRAINT `FK_tai-khoan_tuong-tac` FOREIGN KEY (`tai_khoan_id`) REFERENCES `tai_khoan` (`tai_khoan_id`) ON DELETE CASCADE ON UPDATE CASCADE
) ENGINE=InnoDB AUTO_INCREMENT=254 DEFAULT CHARSET=utf8 COLLATE=utf8_unicode_ci;

-- Dumping data for table heroku_9545e73caaf405a.tuong_tac: ~0 rows (approximately)

/*!40103 SET TIME_ZONE=IFNULL(@OLD_TIME_ZONE, 'system') */;
/*!40101 SET SQL_MODE=IFNULL(@OLD_SQL_MODE, '') */;
/*!40014 SET FOREIGN_KEY_CHECKS=IFNULL(@OLD_FOREIGN_KEY_CHECKS, 1) */;
/*!40101 SET CHARACTER_SET_CLIENT=@OLD_CHARACTER_SET_CLIENT */;
/*!40111 SET SQL_NOTES=IFNULL(@OLD_SQL_NOTES, 1) */;
